status,t_entry,t_exit,exit_reason,flag_entry,flag_exit,rs_entry,fee_entry_bps,fee_exit_bps,gross_mid,pnl,pnl_cons,pool,mint,t_mig,split,config
ok,1790864025.346426,1790878425.346426,time,ok,ok,217.50736004853977,110.0,125.0,-0.990593817780088,-0.4954176487730942,-0.49541930665032646,37CjrMg4BhTnP8rBs4bTEphrUn4da2EK8q3RSYJvC3ZB,5Heq1xjFjuNBuAEAEhbUChgM2Q6AaTTNmVEDVqEpump,1790862224.346426,train,base_D30m_H4
ok,1790864559.6316316,1790878959.6316316,time,ok,ok,144.255732214,120.0,125.0,-0.719920623776494,-0.3640560795825341,-0.3646589965261591,MtD7C3bpRPP2LNim3DUfnoVTuRSQHBuCWhu9fKYKJqh,8ypYfW5cjafrfAZij8TZj5SFHAbPNpiRio96LMzypDkn,1790862758.6316316,train,base_D30m_H4
ok,1790862644.0483553,1790877044.0483553,time,ok,ok,23.496396291,125.0,125.0,-0.08516186325544861,-0.07149505861823774,-0.07149505861823774,9Fc2B5o6EcSUxSgdrgtpi4YpgvKUHo347ejYsmGnY3f4,HDb7bu85KXwVnZcYyUSH3An8CtuNm2iFcD3yQhseaPo6,1790860843.0483553,train,base_D30m_H4
ok,1790861872.027901,1790876272.027901,time,ok,ok,25.627895164231624,125.0,125.0,-0.39028127159085113,-0.21253223998258203,-0.21253223998258203,FDBhysmWdMPSuEcZBndSn3eQCcdwPJckTgKKSyq2H5fM,AQzXX96tWaXJD6eamyxv3F8raTfjPhr6aF6hA646pump,1790860071.027901,train,base_D30m_H4
ok,1790909714.8343115,1790924114.8343115,time,ok,ok,23.720776412,125.0,125.0,0.020345275287483977,-0.022406328594928082,-0.022406328594928082,452CL8aGJJGprUCDcT6KpAmDNp4DK6YQeVJDCHRghydE,CrAFB4iZZFP4xoASUE6sBNipdEZqXpYDx4LD5JN4pHy4,1790907913.8343115,train,base_D30m_H4
ok,1790910782.174919,1790925182.174919,time,ok,ok,52.750455752,125.0,125.0,-0.06838711569924838,-0.05389935095886972,-0.05880300525042592,EbAuPetBjCk3oXQhrDM89WvijUeRjPrrTpmQMphGh51p,FgssigTgpp1EAZaAvmFJDQ8mXEatZZ6CNvmGg7Sppump,1790908981.174919,train,base_D30m_H4
ok,1790861477.265248,1790875877.265248,time,ok,ok,24.240128319,125.0,125.0,0.3500105960468476,0.13057123407402893,0.13057123407402893,EJyURP7tvgGtj1tD5HQPohDQ57kF98Z7P2gnjejqtkDv,GZFPdVhVTzpFbCDStngnsfQdhj8VBnB9FdhnHMoQpump,1790859676.265248,train,base_D30m_H4
ok,1790863750.2143934,1790878150.2143934,time,ok,ok,23.168009363,125.0,125.0,-0.1438110657293742,-0.09893458491754892,-0.09893458491754892,ZkzooBtKPA2wMHqfutq51oNX9y78kvyTLqpHAv1SS5V,6ooHeWeTpF6rFKJVzoQASW2DVTjsBo3j8C4o9AhMtdhT,1790861949.2143934,train,base_D30m_H4
ok,1790866093.9049268,1790880493.9049268,time,ok,ok,26.063680311000002,125.0,125.0,-0.0011188207142374118,-0.030671000520949954,-0.030671000520949954,C8uvudFbWPdVozvtnNkJc2k5vGW2qJUrx2qm4m6x6PT3,GFG2cM94DhGBDzrU2JSutv7zUYTMZozksTp7suA5pump,1790864292.9049268,train,base_D30m_H4
ok,1790862666.9920485,1790877066.9920485,time,ok,ok,40.622740910999994,125.0,125.0,-0.3722532506015933,-0.20040273157645622,-0.20040273157645622,GefYch6nVaqAM7d9HnFvNicKESmXWdv5BA2pJ7thWfGV,GkgcCZ5zw61noBYRZdTHv2HwHuepi8jqwQsJj9DBEMMA,1790860865.9920485,train,base_D30m_H4
ok,1790921442.357191,1791007842.357191,time,ok,ok,30.97209345569676,125.0,125.0,-0.5966452932239665,-0.308298995271133,-0.308298995271133,7mAYJzNA43pMAvMgvHSP3TFKfDC9pMKs9fSwR4uQne1A,F2N78Cdxo2sPUaBS9YL1ztxkA8oFXFw5LkKWdjP1XjmP,1790919641.357191,train,base_D30m_H24
ok,1790920424.475156,1791006824.475156,time,ok,ok,34.99518472491254,125.0,125.0,-0.6037454211777062,-0.31110717742343963,-0.31110717742343963,45PjycoR5BVZen4Vo24JvYcukybJD3moaLuy7ZkEboJY,9dCGP429WZz5ayZ5bBe2RbYZmpiQfCxXT8qsBEq9MKxQ,1790918623.475156,train,base_D30m_H24
ok,1790912820.7393808,1790999220.7393808,time,ok,ok,94.59022194377225,120.0,125.0,-0.9227221330211708,-0.46254641345682346,-0.46254641345682346,88hFPVsc1zwtGLdkZbGy7SKScfmMPLJtK53JrpWXmG4Z,AS5mTg4AaXukaPtGUopY9u4mbnLEm8L2azbGafp1pump,1790911019.7393808,train,base_D30m_H24
ok,1790918318.269408,1791004718.269408,time,ok,ok,40.352486723000005,125.0,125.0,-0.6907453072344782,-0.35200716755841,-0.35200716755841,Ft7ZnShaVKnbmCpNEiUzMkUrHFgamP1bA3as4XLBcKKv,4E5SUG74yBb6DR94Ain8ifsKbDtvcJo6bshAHxNMRBQq,1790916517.269408,train,base_D30m_H24
ok,1790923599.4511404,1791009999.4511404,time,ok,ok,25.51679530270155,125.0,125.0,-0.27702795958135906,-0.15962757704487496,-0.15962757704487496,DrvrqPm7zbmxaJbkNHHeaS3JMNXqvLN2gHHXpikzv1Se,ETja6MeVhxLbSnZuMtLVWtC7VCaX96gnrW27Fp4cNErg,1790921798.4511404,train,base_D30m_H24
ok,1790909714.8343115,1790996114.8343115,time,ok,ok,23.720776412,125.0,125.0,0.04589784828209709,-0.010568473048954474,-0.010568473048954474,452CL8aGJJGprUCDcT6KpAmDNp4DK6YQeVJDCHRghydE,CrAFB4iZZFP4xoASUE6sBNipdEZqXpYDx4LD5JN4pHy4,1790907913.8343115,train,base_D30m_H24
ok,1790917244.9800544,1791003644.9800544,time,ok,ok,48.531263478999996,125.0,125.0,-0.717887467031842,-0.36453513189437703,-0.36453513189437703,HTvV5z1tdnUYgeDgBwvoBtKWY7H5EnRQuSoQSXsmjibr,7XoR4H5FGMtbbYGG5jypAnwsQStpJ8muAQVnotA27ecz,1790915443.9800544,train,base_D30m_H24
ok,1790916478.2597778,1791002878.2597778,time,ok,ok,21.916784538,125.0,125.0,-0.1094901269709172,-0.08395924822595208,-0.08395924822595208,9MVqA94GYGMrRr2fydsNWeuD1YfWvmcLi4mmcHuoGfCi,5snpUWDfUvT6KQXE3wjQAaCeACQAwBz2zw4piRm7pump,1790914677.2597778,train,base_D30m_H24
ok,1790910782.174919,1790997182.174919,time,ok,ok,52.750455752,125.0,125.0,0.02757847613600406,-0.00815778188934968,-0.013561942914990577,EbAuPetBjCk3oXQhrDM89WvijUeRjPrrTpmQMphGh51p,FgssigTgpp1EAZaAvmFJDQ8mXEatZZ6CNvmGg7Sppump,1790908981.174919,train,base_D30m_H24
ok,1790912608.9599633,1790999008.9599633,time,ok,ok,23.584795028000002,125.0,125.0,-0.20226448146469578,-0.1258133697586396,-0.1258133697586396,H4QvACdPiDQvr44atBuAARZCgfECcfyijePrGcLrrQoP,6D58X4EAD2yjiynDT53bu4DjpRoNLfpNrAMPazvApump,1790910807.9599633,train,base_D30m_H24
ok,1790914315.3069494,1791000715.3069494,time,ok,stale,20.660260174,125.0,125.0,-0.002435404649536177,-0.035714735213354,-0.035714735213354,2zrGRPam4oXy5Yqs2MdunasQyMmevKqYZNcxZsfk26Kc,9vX8aeLytZDyP2EUMuq6b1PEH8zZgDJR7Ln3Npg7pump,1790912514.3069494,train,base_D30m_H24
ok,1790921788.4854238,1791008188.4854238,time,ok,ok,149.825147579,120.0,125.0,-0.98212593462451,-0.49131168622343135,-0.49131168622343135,DtBmpRSAjL3bRbDbVwBuHGiUNyqQvjY8Y1jxgudFuUFQ,7iWG1K47CGCykTNUU4XXkYctnv1X7Qd8RAq6KnDMpump,1790919987.4854238,train,base_D30m_H24
ok,1790917668.63344,1791004068.63344,time,ok,ok,29.655257920268514,125.0,125.0,-0.4849003502561643,-0.2557908052990308,-0.2557908052990308,Lh2TnQTrSUJkvjavopq956szwQUNe1TKsQqq3U9EjYV,CpFFKkCPsiivh99pLQ6pCSXNQkEAmuyuhcPsGarr7cen,1790915867.63344,train,base_D30m_H24
ok,1790965876.9335387,1791052276.9335387,time,ok,ok,47.79208621468813,125.0,125.0,-0.03004371082977786,-0.03649782951871111,-0.03649782951871111,2mfn7S2WRnAW59jXAU2W975uc1AkydLfNcw3oqwxT2i8,8DRchaVpLSwXNVcKozdnuNcLpdg75LL898oWfsPB2JmC,1790964075.9335387,train,base_D30m_H24
ok,1790916846.3279533,1791003246.3279533,time,ok,ok,44.454156152,125.0,125.0,-0.537150614141445,-0.2784068792252703,-0.2784068792252703,2p63ooyr1XVyXREhvg4tE6aSQWutijPD5V5vmiA52tQA,4AT4FHoc8LE5EMXCX7mgcTSvGM9NFKZW8RsiA6oxvkjv,1790915045.3279533,train,base_D30m_H24
ok,1790917070.636277,1791003470.636277,time,ok,next_pre,20.592661422,125.0,125.0,0.04546404010694083,-0.013757627719758136,-0.013757627719758136,8p9vSatcWqC6QAcUBCLz5B52PNLSL9u4dUZBccwXNU74,ACg4AaeBdhNMSvNEBAnwidtNr1LUrnBypqYqHXaPpump,1790915269.636277,train,base_D30m_H24
ok,1790923958.050171,1791010358.050171,time,ok,next_pre,25.567189627,125.0,125.0,-0.03959995784286885,-0.04890806606385106,-0.04890806606385106,8Djt9mM57LVgmSnbkB9T2U7s3BADkrYev1oCNgHARuwH,DzJnHjriV4xy5YpJMZZvSCrcZsAhZfm6ccU6zWRRpump,1790922157.050171,train,base_D30m_H24
ok,1790925727.092389,1791012127.092389,time,ok,next_pre,22.449391563,125.0,125.0,-0.08693928126705353,-0.07310555906937055,-0.07310555906937055,FaTJkYUgYdSRMxoZq9D72GsYV1y2PghVpK4xWHfJ2nko,8VXHX6u3GcSCXNbohxHgW9UmeYWqCmRij57eHFF9pump,1790923926.092389,train,base_D30m_H24
ok,1790963554.5699272,1791049954.5699272,time,ok,ok,29.209801061,125.0,125.0,-0.40939305237944745,-0.22034758637605328,-0.22034758637605328,7nV7yWsHieTvSzLH1WKVk8FLc8PB72vaijQ6Ud8foggZ,FHdxi5H9gvfA5Dp56M8nWC9jruDtcPKT3sg7wmongHPo,1790961753.5699272,train,base_D30m_H24
ok,1790919327.229465,1791005727.229465,time,ok,ok,21.069800882000003,125.0,125.0,-0.01770711645916323,-0.042337857682830826,-0.042337857682830826,9AaWVxiHZrxuiL17jvWmuHtewT6NJgfCgp9TEtRJcQJW,4sH3EC1VqviazEhcpffunR4jUZ92mmDxbup42pHQtLEG,1790917526.229465,train,base_D30m_H24
ok,1790920173.1296313,1791006573.1296313,time,ok,ok,18.495843689,125.0,125.0,-0.0007938433924016275,-0.03742751642906267,-0.03742751642906267,3x39kdp5jcKsBp8w7U71Ss15mTzysQW6DoGZGJxHMgjQ,HELSnnPfqcRx3nn1sxThrHzYftXKvDJbDYrJcjt8pump,1790918372.1296313,train,base_D30m_H24
ok,1790921849.9592762,1791008249.9592762,time,ok,ok,37.33191067949016,125.0,125.0,-0.6722969930564848,-0.3434494628673704,-0.3434494628673704,GV18eR5J92RX28CPShN8kYwRFLbJ1LPBh2MwvUbnpC6Q,CjUVYWLHdn66zE1KNCcHEUBrApD2vi3WrgdLE2sAkP3f,1790920048.9592762,train,base_D30m_H24
ok,1790917171.2468927,1791003571.2468927,time,ok,ok,34.51357602854893,125.0,125.0,-0.5743938968154365,-0.2972434385527988,-0.2972434385527988,JAGsdsCfnfmyF9bHVm3iA3McQxqX2bp7hfZyTmL88f4R,F3S4WDfKUhe72EyuM3YQkEPTqE6aDzGzggj77JK1TQw2,1790915370.2468927,train,base_D30m_H24
ok,1790917112.9824514,1791003512.9824514,time,ok,ok,26.457577445651054,125.0,125.0,-0.2989682483241096,-0.16946614113933806,-0.16946614113933806,BemDnhmgCs6dccd41UYzDn9KG5HUG4WWAgsfxAT3USxB,HtsYzeVrkU953zzN14EJcdBrkEQoAUSA7kqZyD2bpBWh,1790915311.9824514,train,base_D30m_H24
ok,1790925283.510277,1791011683.510277,time,ok,ok,22.837268414,125.0,125.0,-0.19540988447855978,-0.12309850868804667,-0.12309850868804667,55PYbLMhUyFzepr8jEwkuR3M3RnKcUVKDPKJ2CxLB2EN,2Ez1MbsfKtV7Q4qpbV9wYXFshouNMFsFeLQhixY8XnCR,1790923482.510277,train,base_D30m_H24
ok,1790917409.8388326,1791003809.8388326,time,ok,ok,57.89589559463437,125.0,125.0,-0.7063238823184168,-0.35864470057602627,-0.35864470057602627,WXNCv7a7qxZ1Thd6Jrg2Ap62AFmGJsFNbmZyrB4MijW,4LjJL18pN6oMxr6Z6bMUxXy7K5CbbZTjrQ5UsSjjpiNn,1790915608.8388326,train,base_D30m_H24
ok,1790963298.1701744,1791049698.1701744,time,ok,ok,48.915942816,125.0,125.0,-0.8197994186717233,-0.41337007109770185,-0.41337007109770185,HZCfBpAS9okgnXPfzRdK4J4BMvFVhJnxN7r3ifYja8GT,9cbDbgUNQbBjWDoVSL4SdV9LFBjNQ6ZriEfYUGUqpump,1790961497.1701744,train,base_D30m_H24
ok,1790964805.9171836,1791051205.9171836,time,ok,ok,90.85951272399998,120.0,125.0,-0.9528722413119008,-0.47715766996000497,-0.47756215118097045,6hRZhsAwjWZnX1y3PaLiMLtyRYTeUqo9ArcywcndeuoR,ByEjmPqLgi7DzJfYV3RpdB8Ys5YyRG7m39tWUTPopump,1790963004.9171836,train,base_D30m_H24
ok,1790864025.346426,1790864659.0613682,stop,ok,ok,217.50736004853977,110.0,125.0,-0.9613111077440528,-0.48115639398619064,-0.4813604181900301,37CjrMg4BhTnP8rBs4bTEphrUn4da2EK8q3RSYJvC3ZB,5Heq1xjFjuNBuAEAEhbUChgM2Q6AaTTNmVEDVqEpump,1790862224.346426,train,base_D30m_H4SL40
ok,1790864559.6316316,1790865596.4221091,stop,ok,ok,144.255732214,120.0,120.0,-0.48073733835744437,-0.24800373822111604,-0.24912060556478588,MtD7C3bpRPP2LNim3DUfnoVTuRSQHBuCWhu9fKYKJqh,8ypYfW5cjafrfAZij8TZj5SFHAbPNpiRio96LMzypDkn,1790862758.6316316,train,base_D30m_H4SL40
ok,1790862644.0483553,1790877044.0483553,time,ok,ok,23.496396291,125.0,125.0,-0.08516186325544861,-0.07149505861823774,-0.07149505861823774,9Fc2B5o6EcSUxSgdrgtpi4YpgvKUHo347ejYsmGnY3f4,HDb7bu85KXwVnZcYyUSH3An8CtuNm2iFcD3yQhseaPo6,1790860843.0483553,train,base_D30m_H4SL40
ok,1790861872.027901,1790876272.027901,time,ok,ok,25.627895164231624,125.0,125.0,-0.39028127159085113,-0.21253223998258203,-0.21253223998258203,FDBhysmWdMPSuEcZBndSn3eQCcdwPJckTgKKSyq2H5fM,AQzXX96tWaXJD6eamyxv3F8raTfjPhr6aF6hA646pump,1790860071.027901,train,base_D30m_H4SL40
ok,1790909714.8343115,1790924114.8343115,time,ok,ok,23.720776412,125.0,125.0,0.020345275287483977,-0.022406328594928082,-0.022406328594928082,452CL8aGJJGprUCDcT6KpAmDNp4DK6YQeVJDCHRghydE,CrAFB4iZZFP4xoASUE6sBNipdEZqXpYDx4LD5JN4pHy4,1790907913.8343115,train,base_D30m_H4SL40
ok,1790910782.174919,1790910972.8441727,stop,ok,ok,52.750455752,125.0,125.0,-0.47962130237944867,-0.25025949200319,-0.2530107884985584,EbAuPetBjCk3oXQhrDM89WvijUeRjPrrTpmQMphGh51p,FgssigTgpp1EAZaAvmFJDQ8mXEatZZ6CNvmGg7Sppump,1790908981.174919,train,base_D30m_H4SL40
ok,1790861477.265248,1790875877.265248,time,ok,ok,24.240128319,125.0,125.0,0.3500105960468476,0.13057123407402893,0.13057123407402893,EJyURP7tvgGtj1tD5HQPohDQ57kF98Z7P2gnjejqtkDv,GZFPdVhVTzpFbCDStngnsfQdhj8VBnB9FdhnHMoQpump,1790859676.265248,train,base_D30m_H4SL40
ok,1790863750.2143934,1790878150.2143934,time,ok,ok,23.168009363,125.0,125.0,-0.1438110657293742,-0.09893458491754892,-0.09893458491754892,ZkzooBtKPA2wMHqfutq51oNX9y78kvyTLqpHAv1SS5V,6ooHeWeTpF6rFKJVzoQASW2DVTjsBo3j8C4o9AhMtdhT,1790861949.2143934,train,base_D30m_H4SL40
ok,1790866093.9049268,1790880493.9049268,time,ok,ok,26.063680311000002,125.0,125.0,-0.0011188207142374118,-0.030671000520949954,-0.030671000520949954,C8uvudFbWPdVozvtnNkJc2k5vGW2qJUrx2qm4m6x6PT3,GFG2cM94DhGBDzrU2JSutv7zUYTMZozksTp7suA5pump,1790864292.9049268,train,base_D30m_H4SL40
ok,1790862666.9920485,1790877066.9920485,time,ok,ok,40.622740910999994,125.0,125.0,-0.3722532506015933,-0.20040273157645622,-0.20040273157645622,GefYch6nVaqAM7d9HnFvNicKESmXWdv5BA2pJ7thWfGV,GkgcCZ5zw61noBYRZdTHv2HwHuepi8jqwQsJj9DBEMMA,1790860865.9920485,train,base_D30m_H4SL40
ok,1790867272.027901,1790881672.027901,time,ok,ok,20.035744259,125.0,125.0,-0.0022797375720056134,-0.03630213159548612,-0.03630213159548612,FDBhysmWdMPSuEcZBndSn3eQCcdwPJckTgKKSyq2H5fM,AQzXX96tWaXJD6eamyxv3F8raTfjPhr6aF6hA646pump,1790860071.027901,train,base_D120m_H4
ok,1790866877.265248,1790881277.265248,time,ok,ok,22.335073038,125.0,125.0,0.16473301056854606,0.043026958158469686,0.043026958158469686,EJyURP7tvgGtj1tD5HQPohDQ57kF98Z7P2gnjejqtkDv,GZFPdVhVTzpFbCDStngnsfQdhj8VBnB9FdhnHMoQpump,1790859676.265248,train,base_D120m_H4
ok,1790926842.357191,1791013242.357191,time,ok,ok,33.00722783,125.0,125.0,-0.6447273817099937,-0.3307897279010655,-0.33804945599936614,7mAYJzNA43pMAvMgvHSP3TFKfDC9pMKs9fSwR4uQne1A,F2N78Cdxo2sPUaBS9YL1ztxkA8oFXFw5LkKWdjP1XjmP,1790919641.357191,train,base_D120m_H24
ok,1790925824.475156,1791012224.475156,time,ok,ok,33.190552059000005,125.0,125.0,-0.5774304504535592,-0.29886918650992456,-0.29886918650992456,45PjycoR5BVZen4Vo24JvYcukybJD3moaLuy7ZkEboJY,9dCGP429WZz5ayZ5bBe2RbYZmpiQfCxXT8qsBEq9MKxQ,1790918623.475156,train,base_D120m_H24
ok,1790918220.7393808,1791004620.7393808,time,ok,ok,35.750232409999995,125.0,125.0,-0.46321091809306114,-0.24434881776576794,-0.24434881776576794,88hFPVsc1zwtGLdkZbGy7SKScfmMPLJtK53JrpWXmG4Z,AS5mTg4AaXukaPtGUopY9u4mbnLEm8L2azbGafp1pump,1790911019.7393808,train,base_D120m_H24
ok,1790923718.269408,1791010118.269408,time,ok,ok,37.389215155581006,125.0,125.0,-0.6393959404137356,-0.3277886416504393,-0.3277886416504393,Ft7ZnShaVKnbmCpNEiUzMkUrHFgamP1bA3as4XLBcKKv,4E5SUG74yBb6DR94Ain8ifsKbDtvcJo6bshAHxNMRBQq,1790916517.269408,train,base_D120m_H24
ok,1790915114.8343115,1791001514.8343115,time,ok,ok,25.168235049647564,125.0,125.0,-0.07024403807970914,-0.06342583929904766,-0.06342583929904766,452CL8aGJJGprUCDcT6KpAmDNp4DK6YQeVJDCHRghydE,CrAFB4iZZFP4xoASUE6sBNipdEZqXpYDx4LD5JN4pHy4,1790907913.8343115,train,base_D120m_H24
ok,1790922644.9800544,1791009044.9800544,time,ok,ok,46.05491870400001,125.0,125.0,-0.7062793359977206,-0.3590938114312111,-0.3590938114312111,HTvV5z1tdnUYgeDgBwvoBtKWY7H5EnRQuSoQSXsmjibr,7XoR4H5FGMtbbYGG5jypAnwsQStpJ8muAQVnotA27ecz,1790915443.9800544,train,base_D120m_H24
ok,1790921878.2597778,1791008278.2597778,time,ok,ok,21.436950641,125.0,125.0,-0.06917013284842921,-0.06573235677146039,-0.06573235677146039,9MVqA94GYGMrRr2fydsNWeuD1YfWvmcLi4mmcHuoGfCi,5snpUWDfUvT6KQXE3wjQAaCeACQAwBz2zw4piRm7pump,1790914677.2597778,train,base_D120m_H24
ok,1790916182.174919,1791002582.174919,time,ok,ok,45.675715250956706,125.0,125.0,0.31855735513978023,0.12842039342456657,0.12575804690414183,EbAuPetBjCk3oXQhrDM89WvijUeRjPrrTpmQMphGh51p,FgssigTgpp1EAZaAvmFJDQ8mXEatZZ6CNvmGg7Sppump,1790908981.174919,train,base_D120m_H24
ok,1790918008.9599633,1791004408.9599633,time,ok,ok,21.916558513,125.0,125.0,-0.07637842640463566,-0.06865176079954088,-0.06865176079954088,H4QvACdPiDQvr44atBuAARZCgfECcfyijePrGcLrrQoP,6D58X4EAD2yjiynDT53bu4DjpRoNLfpNrAMPazvApump,1790910807.9599633,train,base_D120m_H24
ok,1790919715.3069494,1791006115.3069494,time,ok,stale,20.650417475054848,125.0,125.0,-0.001483937810377034,-0.035287056622568425,-0.035287056622568425,2zrGRPam4oXy5Yqs2MdunasQyMmevKqYZNcxZsfk26Kc,9vX8aeLytZDyP2EUMuq6b1PEH8zZgDJR7Ln3Npg7pump,1790912514.3069494,train,base_D120m_H24
ok,1790923068.63344,1791009468.63344,time,ok,ok,31.726595587083864,125.0,125.0,-0.5672985235308391,-0.29429772498547885,-0.29429772498547885,Lh2TnQTrSUJkvjavopq956szwQUNe1TKsQqq3U9EjYV,CpFFKkCPsiivh99pLQ6pCSXNQkEAmuyuhcPsGarr7cen,1790915867.63344,train,base_D120m_H24
ok,1790922246.3279533,1791008646.3279533,time,ok,ok,53.2804602285692,125.0,125.0,-0.7085103244514808,-0.35985261275710284,-0.35985261275710284,2p63ooyr1XVyXREhvg4tE6aSQWutijPD5V5vmiA52tQA,4AT4FHoc8LE5EMXCX7mgcTSvGM9NFKZW8RsiA6oxvkjv,1790915045.3279533,train,base_D120m_H24
ok,1790922470.636277,1791008870.636277,time,ok,next_pre,21.10847430407843,125.0,125.0,-0.004952899184852311,-0.036424527785227145,-0.036424527785227145,8p9vSatcWqC6QAcUBCLz5B52PNLSL9u4dUZBccwXNU74,ACg4AaeBdhNMSvNEBAnwidtNr1LUrnBypqYqHXaPpump,1790915269.636277,train,base_D120m_H24
ok,1790924727.229465,1791011127.229465,time,ok,ok,22.382581551999998,125.0,125.0,-0.12952967859645648,-0.09287408366140149,-0.09287408366140149,9AaWVxiHZrxuiL17jvWmuHtewT6NJgfCgp9TEtRJcQJW,4sH3EC1VqviazEhcpffunR4jUZ92mmDxbup42pHQtLEG,1790917526.229465,train,base_D120m_H24
ok,1790925573.1296313,1791011973.1296313,time,ok,ok,18.485683189,125.0,125.0,0.00045441935281465007,-0.03687075498463638,-0.03687075498463638,3x39kdp5jcKsBp8w7U71Ss15mTzysQW6DoGZGJxHMgjQ,HELSnnPfqcRx3nn1sxThrHzYftXKvDJbDYrJcjt8pump,1790918372.1296313,train,base_D120m_H24
ok,1790922571.2468927,1791008971.2468927,time,ok,ok,31.632812644999998,125.0,125.0,-0.47703981510118454,-0.25165563261133583,-0.25165563261133583,JAGsdsCfnfmyF9bHVm3iA3McQxqX2bp7hfZyTmL88f4R,F3S4WDfKUhe72EyuM3YQkEPTqE6aDzGzggj77JK1TQw2,1790915370.2468927,train,base_D120m_H24
ok,1790922512.9824514,1791008912.9824514,time,ok,ok,31.485548020683385,125.0,125.0,-0.48262634725675413,-0.25432266294183575,-0.25432266294183575,BemDnhmgCs6dccd41UYzDn9KG5HUG4WWAgsfxAT3USxB,HtsYzeVrkU953zzN14EJcdBrkEQoAUSA7kqZyD2bpBWh,1790915311.9824514,train,base_D120m_H24
ok,1790922809.8388326,1791009209.8388326,time,ok,ok,64.31199108660434,125.0,125.0,-0.7526979729125985,-0.38077215860153446,-0.38077215860153446,WXNCv7a7qxZ1Thd6Jrg2Ap62AFmGJsFNbmZyrB4MijW,4LjJL18pN6oMxr6Z6bMUxXy7K5CbbZTjrQ5UsSjjpiNn,1790915608.8388326,train,base_D120m_H24
ok,1790867272.027901,1790881672.027901,time,ok,ok,20.035744259,125.0,125.0,-0.0022797375720056134,-0.03630213159548612,-0.03630213159548612,FDBhysmWdMPSuEcZBndSn3eQCcdwPJckTgKKSyq2H5fM,AQzXX96tWaXJD6eamyxv3F8raTfjPhr6aF6hA646pump,1790860071.027901,train,base_D120m_H4SL40
ok,1790866877.265248,1790881277.265248,time,ok,ok,22.335073038,125.0,125.0,0.16473301056854606,0.043026958158469686,0.043026958158469686,EJyURP7tvgGtj1tD5HQPohDQ57kF98Z7P2gnjejqtkDv,GZFPdVhVTzpFbCDStngnsfQdhj8VBnB9FdhnHMoQpump,1790859676.265248,train,base_D120m_H4SL40
ok,1790864025.346426,1790878425.346426,time,ok,ok,217.50736004853977,110.0,125.0,-0.990593817780088,-0.4954176487730942,-0.49541930665032646,37CjrMg4BhTnP8rBs4bTEphrUn4da2EK8q3RSYJvC3ZB,5Heq1xjFjuNBuAEAEhbUChgM2Q6AaTTNmVEDVqEpump,1790862224.346426,train,strict_D30m_H4
ok,1790864559.6316316,1790878959.6316316,time,ok,ok,144.255732214,120.0,125.0,-0.719920623776494,-0.3640560795825341,-0.3646589965261591,MtD7C3bpRPP2LNim3DUfnoVTuRSQHBuCWhu9fKYKJqh,8ypYfW5cjafrfAZij8TZj5SFHAbPNpiRio96LMzypDkn,1790862758.6316316,train,strict_D30m_H4
ok,1790862644.0483553,1790877044.0483553,time,ok,ok,23.496396291,125.0,125.0,-0.08516186325544861,-0.07149505861823774,-0.07149505861823774,9Fc2B5o6EcSUxSgdrgtpi4YpgvKUHo347ejYsmGnY3f4,HDb7bu85KXwVnZcYyUSH3An8CtuNm2iFcD3yQhseaPo6,1790860843.0483553,train,strict_D30m_H4
ok,1790861872.027901,1790876272.027901,time,ok,ok,25.627895164231624,125.0,125.0,-0.39028127159085113,-0.21253223998258203,-0.21253223998258203,FDBhysmWdMPSuEcZBndSn3eQCcdwPJckTgKKSyq2H5fM,AQzXX96tWaXJD6eamyxv3F8raTfjPhr6aF6hA646pump,1790860071.027901,train,strict_D30m_H4
ok,1790909714.8343115,1790924114.8343115,time,ok,ok,23.720776412,125.0,125.0,0.020345275287483977,-0.022406328594928082,-0.022406328594928082,452CL8aGJJGprUCDcT6KpAmDNp4DK6YQeVJDCHRghydE,CrAFB4iZZFP4xoASUE6sBNipdEZqXpYDx4LD5JN4pHy4,1790907913.8343115,train,strict_D30m_H4
ok,1790910782.174919,1790925182.174919,time,ok,ok,52.750455752,125.0,125.0,-0.06838711569924838,-0.05389935095886972,-0.05880300525042592,EbAuPetBjCk3oXQhrDM89WvijUeRjPrrTpmQMphGh51p,FgssigTgpp1EAZaAvmFJDQ8mXEatZZ6CNvmGg7Sppump,1790908981.174919,train,strict_D30m_H4
ok,1790861477.265248,1790875877.265248,time,ok,ok,24.240128319,125.0,125.0,0.3500105960468476,0.13057123407402893,0.13057123407402893,EJyURP7tvgGtj1tD5HQPohDQ57kF98Z7P2gnjejqtkDv,GZFPdVhVTzpFbCDStngnsfQdhj8VBnB9FdhnHMoQpump,1790859676.265248,train,strict_D30m_H4
ok,1790863750.2143934,1790878150.2143934,time,ok,ok,23.168009363,125.0,125.0,-0.1438110657293742,-0.09893458491754892,-0.09893458491754892,ZkzooBtKPA2wMHqfutq51oNX9y78kvyTLqpHAv1SS5V,6ooHeWeTpF6rFKJVzoQASW2DVTjsBo3j8C4o9AhMtdhT,1790861949.2143934,train,strict_D30m_H4
ok,1790866093.9049268,1790880493.9049268,time,ok,ok,26.063680311000002,125.0,125.0,-0.0011188207142374118,-0.030671000520949954,-0.030671000520949954,C8uvudFbWPdVozvtnNkJc2k5vGW2qJUrx2qm4m6x6PT3,GFG2cM94DhGBDzrU2JSutv7zUYTMZozksTp7suA5pump,1790864292.9049268,train,strict_D30m_H4
ok,1790862666.9920485,1790877066.9920485,time,ok,ok,40.622740910999994,125.0,125.0,-0.3722532506015933,-0.20040273157645622,-0.20040273157645622,GefYch6nVaqAM7d9HnFvNicKESmXWdv5BA2pJ7thWfGV,GkgcCZ5zw61noBYRZdTHv2HwHuepi8jqwQsJj9DBEMMA,1790860865.9920485,train,strict_D30m_H4
ok,1790921442.357191,1791007842.357191,time,ok,ok,30.97209345569676,125.0,125.0,-0.5966452932239665,-0.308298995271133,-0.308298995271133,7mAYJzNA43pMAvMgvHSP3TFKfDC9pMKs9fSwR4uQne1A,F2N78Cdxo2sPUaBS9YL1ztxkA8oFXFw5LkKWdjP1XjmP,1790919641.357191,train,strict_D30m_H24
ok,1790920424.475156,1791006824.475156,time,ok,ok,34.99518472491254,125.0,125.0,-0.6037454211777062,-0.31110717742343963,-0.31110717742343963,45PjycoR5BVZen4Vo24JvYcukybJD3moaLuy7ZkEboJY,9dCGP429WZz5ayZ5bBe2RbYZmpiQfCxXT8qsBEq9MKxQ,1790918623.475156,train,strict_D30m_H24
ok,1790912820.7393808,1790999220.7393808,time,ok,ok,94.59022194377225,120.0,125.0,-0.9227221330211708,-0.46254641345682346,-0.46254641345682346,88hFPVsc1zwtGLdkZbGy7SKScfmMPLJtK53JrpWXmG4Z,AS5mTg4AaXukaPtGUopY9u4mbnLEm8L2azbGafp1pump,1790911019.7393808,train,strict_D30m_H24
ok,1790918318.269408,1791004718.269408,time,ok,ok,40.352486723000005,125.0,125.0,-0.6907453072344782,-0.35200716755841,-0.35200716755841,Ft7ZnShaVKnbmCpNEiUzMkUrHFgamP1bA3as4XLBcKKv,4E5SUG74yBb6DR94Ain8ifsKbDtvcJo6bshAHxNMRBQq,1790916517.269408,train,strict_D30m_H24
ok,1790923599.4511404,1791009999.4511404,time,ok,ok,25.51679530270155,125.0,125.0,-0.27702795958135906,-0.15962757704487496,-0.15962757704487496,DrvrqPm7zbmxaJbkNHHeaS3JMNXqvLN2gHHXpikzv1Se,ETja6MeVhxLbSnZuMtLVWtC7VCaX96gnrW27Fp4cNErg,1790921798.4511404,train,strict_D30m_H24
ok,1790909714.8343115,1790996114.8343115,time,ok,ok,23.720776412,125.0,125.0,0.04589784828209709,-0.010568473048954474,-0.010568473048954474,452CL8aGJJGprUCDcT6KpAmDNp4DK6YQeVJDCHRghydE,CrAFB4iZZFP4xoASUE6sBNipdEZqXpYDx4LD5JN4pHy4,1790907913.8343115,train,strict_D30m_H24
ok,1790917244.9800544,1791003644.9800544,time,ok,ok,48.531263478999996,125.0,125.0,-0.717887467031842,-0.36453513189437703,-0.36453513189437703,HTvV5z1tdnUYgeDgBwvoBtKWY7H5EnRQuSoQSXsmjibr,7XoR4H5FGMtbbYGG5jypAnwsQStpJ8muAQVnotA27ecz,1790915443.9800544,train,strict_D30m_H24
ok,1790916478.2597778,1791002878.2597778,time,ok,ok,21.916784538,125.0,125.0,-0.1094901269709172,-0.08395924822595208,-0.08395924822595208,9MVqA94GYGMrRr2fydsNWeuD1YfWvmcLi4mmcHuoGfCi,5snpUWDfUvT6KQXE3wjQAaCeACQAwBz2zw4piRm7pump,1790914677.2597778,train,strict_D30m_H24
ok,1790910782.174919,1790997182.174919,time,ok,ok,52.750455752,125.0,125.0,0.02757847613600406,-0.00815778188934968,-0.013561942914990577,EbAuPetBjCk3oXQhrDM89WvijUeRjPrrTpmQMphGh51p,FgssigTgpp1EAZaAvmFJDQ8mXEatZZ6CNvmGg7Sppump,1790908981.174919,train,strict_D30m_H24
ok,1790912608.9599633,1790999008.9599633,time,ok,ok,23.584795028000002,125.0,125.0,-0.20226448146469578,-0.1258133697586396,-0.1258133697586396,H4QvACdPiDQvr44atBuAARZCgfECcfyijePrGcLrrQoP,6D58X4EAD2yjiynDT53bu4DjpRoNLfpNrAMPazvApump,1790910807.9599633,train,strict_D30m_H24
ok,1790917668.63344,1791004068.63344,time,ok,ok,29.655257920268514,125.0,125.0,-0.4849003502561643,-0.2557908052990308,-0.2557908052990308,Lh2TnQTrSUJkvjavopq956szwQUNe1TKsQqq3U9EjYV,CpFFKkCPsiivh99pLQ6pCSXNQkEAmuyuhcPsGarr7cen,1790915867.63344,train,strict_D30m_H24
ok,1790965876.9335387,1791052276.9335387,time,ok,ok,47.79208621468813,125.0,125.0,-0.03004371082977786,-0.03649782951871111,-0.03649782951871111,2mfn7S2WRnAW59jXAU2W975uc1AkydLfNcw3oqwxT2i8,8DRchaVpLSwXNVcKozdnuNcLpdg75LL898oWfsPB2JmC,1790964075.9335387,train,strict_D30m_H24
ok,1790916846.3279533,1791003246.3279533,time,ok,ok,44.454156152,125.0,125.0,-0.537150614141445,-0.2784068792252703,-0.2784068792252703,2p63ooyr1XVyXREhvg4tE6aSQWutijPD5V5vmiA52tQA,4AT4FHoc8LE5EMXCX7mgcTSvGM9NFKZW8RsiA6oxvkjv,1790915045.3279533,train,strict_D30m_H24
ok,1790917070.636277,1791003470.636277,time,ok,next_pre,20.592661422,125.0,125.0,0.04546404010694083,-0.013757627719758136,-0.013757627719758136,8p9vSatcWqC6QAcUBCLz5B52PNLSL9u4dUZBccwXNU74,ACg4AaeBdhNMSvNEBAnwidtNr1LUrnBypqYqHXaPpump,1790915269.636277,train,strict_D30m_H24
ok,1790923958.050171,1791010358.050171,time,ok,next_pre,25.567189627,125.0,125.0,-0.03959995784286885,-0.04890806606385106,-0.04890806606385106,8Djt9mM57LVgmSnbkB9T2U7s3BADkrYev1oCNgHARuwH,DzJnHjriV4xy5YpJMZZvSCrcZsAhZfm6ccU6zWRRpump,1790922157.050171,train,strict_D30m_H24
ok,1790925727.092389,1791012127.092389,time,ok,next_pre,22.449391563,125.0,125.0,-0.08693928126705353,-0.07310555906937055,-0.07310555906937055,FaTJkYUgYdSRMxoZq9D72GsYV1y2PghVpK4xWHfJ2nko,8VXHX6u3GcSCXNbohxHgW9UmeYWqCmRij57eHFF9pump,1790923926.092389,train,strict_D30m_H24
ok,1790963554.5699272,1791049954.5699272,time,ok,ok,29.209801061,125.0,125.0,-0.40939305237944745,-0.22034758637605328,-0.22034758637605328,7nV7yWsHieTvSzLH1WKVk8FLc8PB72vaijQ6Ud8foggZ,FHdxi5H9gvfA5Dp56M8nWC9jruDtcPKT3sg7wmongHPo,1790961753.5699272,train,strict_D30m_H24
ok,1790919327.229465,1791005727.229465,time,ok,ok,21.069800882000003,125.0,125.0,-0.01770711645916323,-0.042337857682830826,-0.042337857682830826,9AaWVxiHZrxuiL17jvWmuHtewT6NJgfCgp9TEtRJcQJW,4sH3EC1VqviazEhcpffunR4jUZ92mmDxbup42pHQtLEG,1790917526.229465,train,strict_D30m_H24
ok,1790920173.1296313,1791006573.1296313,time,ok,ok,18.495843689,125.0,125.0,-0.0007938433924016275,-0.03742751642906267,-0.03742751642906267,3x39kdp5jcKsBp8w7U71Ss15mTzysQW6DoGZGJxHMgjQ,HELSnnPfqcRx3nn1sxThrHzYftXKvDJbDYrJcjt8pump,1790918372.1296313,train,strict_D30m_H24
ok,1790921849.9592762,1791008249.9592762,time,ok,ok,37.33191067949016,125.0,125.0,-0.6722969930564848,-0.3434494628673704,-0.3434494628673704,GV18eR5J92RX28CPShN8kYwRFLbJ1LPBh2MwvUbnpC6Q,CjUVYWLHdn66zE1KNCcHEUBrApD2vi3WrgdLE2sAkP3f,1790920048.9592762,train,strict_D30m_H24
ok,1790917171.2468927,1791003571.2468927,time,ok,ok,34.51357602854893,125.0,125.0,-0.5743938968154365,-0.2972434385527988,-0.2972434385527988,JAGsdsCfnfmyF9bHVm3iA3McQxqX2bp7hfZyTmL88f4R,F3S4WDfKUhe72EyuM3YQkEPTqE6aDzGzggj77JK1TQw2,1790915370.2468927,train,strict_D30m_H24
ok,1790917112.9824514,1791003512.9824514,time,ok,ok,26.457577445651054,125.0,125.0,-0.2989682483241096,-0.16946614113933806,-0.16946614113933806,BemDnhmgCs6dccd41UYzDn9KG5HUG4WWAgsfxAT3USxB,HtsYzeVrkU953zzN14EJcdBrkEQoAUSA7kqZyD2bpBWh,1790915311.9824514,train,strict_D30m_H24
ok,1790925283.510277,1791011683.510277,time,ok,ok,22.837268414,125.0,125.0,-0.19540988447855978,-0.12309850868804667,-0.12309850868804667,55PYbLMhUyFzepr8jEwkuR3M3RnKcUVKDPKJ2CxLB2EN,2Ez1MbsfKtV7Q4qpbV9wYXFshouNMFsFeLQhixY8XnCR,1790923482.510277,train,strict_D30m_H24
ok,1790917409.8388326,1791003809.8388326,time,ok,ok,57.89589559463437,125.0,125.0,-0.7063238823184168,-0.35864470057602627,-0.35864470057602627,WXNCv7a7qxZ1Thd6Jrg2Ap62AFmGJsFNbmZyrB4MijW,4LjJL18pN6oMxr6Z6bMUxXy7K5CbbZTjrQ5UsSjjpiNn,1790915608.8388326,train,strict_D30m_H24
ok,1790963298.1701744,1791049698.1701744,time,ok,ok,48.915942816,125.0,125.0,-0.8197994186717233,-0.41337007109770185,-0.41337007109770185,HZCfBpAS9okgnXPfzRdK4J4BMvFVhJnxN7r3ifYja8GT,9cbDbgUNQbBjWDoVSL4SdV9LFBjNQ6ZriEfYUGUqpump,1790961497.1701744,train,strict_D30m_H24
ok,1790964805.9171836,1791051205.9171836,time,ok,ok,90.85951272399998,120.0,125.0,-0.9528722413119008,-0.47715766996000497,-0.47756215118097045,6hRZhsAwjWZnX1y3PaLiMLtyRYTeUqo9ArcywcndeuoR,ByEjmPqLgi7DzJfYV3RpdB8Ys5YyRG7m39tWUTPopump,1790963004.9171836,train,strict_D30m_H24
ok,1790864025.346426,1790864659.0613682,stop,ok,ok,217.50736004853977,110.0,125.0,-0.9613111077440528,-0.48115639398619064,-0.4813604181900301,37CjrMg4BhTnP8rBs4bTEphrUn4da2EK8q3RSYJvC3ZB,5Heq1xjFjuNBuAEAEhbUChgM2Q6AaTTNmVEDVqEpump,1790862224.346426,train,strict_D30m_H4SL40
ok,1790864559.6316316,1790865596.4221091,stop,ok,ok,144.255732214,120.0,120.0,-0.48073733835744437,-0.24800373822111604,-0.24912060556478588,MtD7C3bpRPP2LNim3DUfnoVTuRSQHBuCWhu9fKYKJqh,8ypYfW5cjafrfAZij8TZj5SFHAbPNpiRio96LMzypDkn,1790862758.6316316,train,strict_D30m_H4SL40
ok,1790862644.0483553,1790877044.0483553,time,ok,ok,23.496396291,125.0,125.0,-0.08516186325544861,-0.07149505861823774,-0.07149505861823774,9Fc2B5o6EcSUxSgdrgtpi4YpgvKUHo347ejYsmGnY3f4,HDb7bu85KXwVnZcYyUSH3An8CtuNm2iFcD3yQhseaPo6,1790860843.0483553,train,strict_D30m_H4SL40
ok,1790861872.027901,1790876272.027901,time,ok,ok,25.627895164231624,125.0,125.0,-0.39028127159085113,-0.21253223998258203,-0.21253223998258203,FDBhysmWdMPSuEcZBndSn3eQCcdwPJckTgKKSyq2H5fM,AQzXX96tWaXJD6eamyxv3F8raTfjPhr6aF6hA646pump,1790860071.027901,train,strict_D30m_H4SL40
ok,1790909714.8343115,1790924114.8343115,time,ok,ok,23.720776412,125.0,125.0,0.020345275287483977,-0.022406328594928082,-0.022406328594928082,452CL8aGJJGprUCDcT6KpAmDNp4DK6YQeVJDCHRghydE,CrAFB4iZZFP4xoASUE6sBNipdEZqXpYDx4LD5JN4pHy4,1790907913.8343115,train,strict_D30m_H4SL40
ok,1790910782.174919,1790910972.8441727,stop,ok,ok,52.750455752,125.0,125.0,-0.47962130237944867,-0.25025949200319,-0.2530107884985584,EbAuPetBjCk3oXQhrDM89WvijUeRjPrrTpmQMphGh51p,FgssigTgpp1EAZaAvmFJDQ8mXEatZZ6CNvmGg7Sppump,1790908981.174919,train,strict_D30m_H4SL40
ok,1790861477.265248,1790875877.265248,time,ok,ok,24.240128319,125.0,125.0,0.3500105960468476,0.13057123407402893,0.13057123407402893,EJyURP7tvgGtj1tD5HQPohDQ57kF98Z7P2gnjejqtkDv,GZFPdVhVTzpFbCDStngnsfQdhj8VBnB9FdhnHMoQpump,1790859676.265248,train,strict_D30m_H4SL40
ok,1790863750.2143934,1790878150.2143934,time,ok,ok,23.168009363,125.0,125.0,-0.1438110657293742,-0.09893458491754892,-0.09893458491754892,ZkzooBtKPA2wMHqfutq51oNX9y78kvyTLqpHAv1SS5V,6ooHeWeTpF6rFKJVzoQASW2DVTjsBo3j8C4o9AhMtdhT,1790861949.2143934,train,strict_D30m_H4SL40
ok,1790866093.9049268,1790880493.9049268,time,ok,ok,26.063680311000002,125.0,125.0,-0.0011188207142374118,-0.030671000520949954,-0.030671000520949954,C8uvudFbWPdVozvtnNkJc2k5vGW2qJUrx2qm4m6x6PT3,GFG2cM94DhGBDzrU2JSutv7zUYTMZozksTp7suA5pump,1790864292.9049268,train,strict_D30m_H4SL40
ok,1790862666.9920485,1790877066.9920485,time,ok,ok,40.622740910999994,125.0,125.0,-0.3722532506015933,-0.20040273157645622,-0.20040273157645622,GefYch6nVaqAM7d9HnFvNicKESmXWdv5BA2pJ7thWfGV,GkgcCZ5zw61noBYRZdTHv2HwHuepi8jqwQsJj9DBEMMA,1790860865.9920485,train,strict_D30m_H4SL40
ok,1790867272.027901,1790881672.027901,time,ok,ok,20.035744259,125.0,125.0,-0.0022797375720056134,-0.03630213159548612,-0.03630213159548612,FDBhysmWdMPSuEcZBndSn3eQCcdwPJckTgKKSyq2H5fM,AQzXX96tWaXJD6eamyxv3F8raTfjPhr6aF6hA646pump,1790860071.027901,train,strict_D120m_H4
ok,1790866877.265248,1790881277.265248,time,ok,ok,22.335073038,125.0,125.0,0.16473301056854606,0.043026958158469686,0.043026958158469686,EJyURP7tvgGtj1tD5HQPohDQ57kF98Z7P2gnjejqtkDv,GZFPdVhVTzpFbCDStngnsfQdhj8VBnB9FdhnHMoQpump,1790859676.265248,train,strict_D120m_H4
ok,1790926842.357191,1791013242.357191,time,ok,ok,33.00722783,125.0,125.0,-0.6447273817099937,-0.3307897279010655,-0.33804945599936614,7mAYJzNA43pMAvMgvHSP3TFKfDC9pMKs9fSwR4uQne1A,F2N78Cdxo2sPUaBS9YL1ztxkA8oFXFw5LkKWdjP1XjmP,1790919641.357191,train,strict_D120m_H24
ok,1790925824.475156,1791012224.475156,time,ok,ok,33.190552059000005,125.0,125.0,-0.5774304504535592,-0.29886918650992456,-0.29886918650992456,45PjycoR5BVZen4Vo24JvYcukybJD3moaLuy7ZkEboJY,9dCGP429WZz5ayZ5bBe2RbYZmpiQfCxXT8qsBEq9MKxQ,1790918623.475156,train,strict_D120m_H24
ok,1790918220.7393808,1791004620.7393808,time,ok,ok,35.750232409999995,125.0,125.0,-0.46321091809306114,-0.24434881776576794,-0.24434881776576794,88hFPVsc1zwtGLdkZbGy7SKScfmMPLJtK53JrpWXmG4Z,AS5mTg4AaXukaPtGUopY9u4mbnLEm8L2azbGafp1pump,1790911019.7393808,train,strict_D120m_H24
ok,1790923718.269408,1791010118.269408,time,ok,ok,37.389215155581006,125.0,125.0,-0.6393959404137356,-0.3277886416504393,-0.3277886416504393,Ft7ZnShaVKnbmCpNEiUzMkUrHFgamP1bA3as4XLBcKKv,4E5SUG74yBb6DR94Ain8ifsKbDtvcJo6bshAHxNMRBQq,1790916517.269408,train,strict_D120m_H24
ok,1790915114.8343115,1791001514.8343115,time,ok,ok,25.168235049647564,125.0,125.0,-0.07024403807970914,-0.06342583929904766,-0.06342583929904766,452CL8aGJJGprUCDcT6KpAmDNp4DK6YQeVJDCHRghydE,CrAFB4iZZFP4xoASUE6sBNipdEZqXpYDx4LD5JN4pHy4,1790907913.8343115,train,strict_D120m_H24
ok,1790922644.9800544,1791009044.9800544,time,ok,ok,46.05491870400001,125.0,125.0,-0.7062793359977206,-0.3590938114312111,-0.3590938114312111,HTvV5z1tdnUYgeDgBwvoBtKWY7H5EnRQuSoQSXsmjibr,7XoR4H5FGMtbbYGG5jypAnwsQStpJ8muAQVnotA27ecz,1790915443.9800544,train,strict_D120m_H24
ok,1790921878.2597778,1791008278.2597778,time,ok,ok,21.436950641,125.0,125.0,-0.06917013284842921,-0.06573235677146039,-0.06573235677146039,9MVqA94GYGMrRr2fydsNWeuD1YfWvmcLi4mmcHuoGfCi,5snpUWDfUvT6KQXE3wjQAaCeACQAwBz2zw4piRm7pump,1790914677.2597778,train,strict_D120m_H24
ok,1790916182.174919,1791002582.174919,time,ok,ok,45.675715250956706,125.0,125.0,0.31855735513978023,0.12842039342456657,0.12575804690414183,EbAuPetBjCk3oXQhrDM89WvijUeRjPrrTpmQMphGh51p,FgssigTgpp1EAZaAvmFJDQ8mXEatZZ6CNvmGg7Sppump,1790908981.174919,train,strict_D120m_H24
ok,1790918008.9599633,1791004408.9599633,time,ok,ok,21.916558513,125.0,125.0,-0.07637842640463566,-0.06865176079954088,-0.06865176079954088,H4QvACdPiDQvr44atBuAARZCgfECcfyijePrGcLrrQoP,6D58X4EAD2yjiynDT53bu4DjpRoNLfpNrAMPazvApump,1790910807.9599633,train,strict_D120m_H24
ok,1790923068.63344,1791009468.63344,time,ok,ok,31.726595587083864,125.0,125.0,-0.5672985235308391,-0.29429772498547885,-0.29429772498547885,Lh2TnQTrSUJkvjavopq956szwQUNe1TKsQqq3U9EjYV,CpFFKkCPsiivh99pLQ6pCSXNQkEAmuyuhcPsGarr7cen,1790915867.63344,train,strict_D120m_H24
ok,1790922246.3279533,1791008646.3279533,time,ok,ok,53.2804602285692,125.0,125.0,-0.7085103244514808,-0.35985261275710284,-0.35985261275710284,2p63ooyr1XVyXREhvg4tE6aSQWutijPD5V5vmiA52tQA,4AT4FHoc8LE5EMXCX7mgcTSvGM9NFKZW8RsiA6oxvkjv,1790915045.3279533,train,strict_D120m_H24
ok,1790922470.636277,1791008870.636277,time,ok,next_pre,21.10847430407843,125.0,125.0,-0.004952899184852311,-0.036424527785227145,-0.036424527785227145,8p9vSatcWqC6QAcUBCLz5B52PNLSL9u4dUZBccwXNU74,ACg4AaeBdhNMSvNEBAnwidtNr1LUrnBypqYqHXaPpump,1790915269.636277,train,strict_D120m_H24
ok,1790924727.229465,1791011127.229465,time,ok,ok,22.382581551999998,125.0,125.0,-0.12952967859645648,-0.09287408366140149,-0.09287408366140149,9AaWVxiHZrxuiL17jvWmuHtewT6NJgfCgp9TEtRJcQJW,4sH3EC1VqviazEhcpffunR4jUZ92mmDxbup42pHQtLEG,1790917526.229465,train,strict_D120m_H24
ok,1790925573.1296313,1791011973.1296313,time,ok,ok,18.485683189,125.0,125.0,0.00045441935281465007,-0.03687075498463638,-0.03687075498463638,3x39kdp5jcKsBp8w7U71Ss15mTzysQW6DoGZGJxHMgjQ,HELSnnPfqcRx3nn1sxThrHzYftXKvDJbDYrJcjt8pump,1790918372.1296313,train,strict_D120m_H24
ok,1790922571.2468927,1791008971.2468927,time,ok,ok,31.632812644999998,125.0,125.0,-0.47703981510118454,-0.25165563261133583,-0.25165563261133583,JAGsdsCfnfmyF9bHVm3iA3McQxqX2bp7hfZyTmL88f4R,F3S4WDfKUhe72EyuM3YQkEPTqE6aDzGzggj77JK1TQw2,1790915370.2468927,train,strict_D120m_H24
ok,1790922512.9824514,1791008912.9824514,time,ok,ok,31.485548020683385,125.0,125.0,-0.48262634725675413,-0.25432266294183575,-0.25432266294183575,BemDnhmgCs6dccd41UYzDn9KG5HUG4WWAgsfxAT3USxB,HtsYzeVrkU953zzN14EJcdBrkEQoAUSA7kqZyD2bpBWh,1790915311.9824514,train,strict_D120m_H24
ok,1790922809.8388326,1791009209.8388326,time,ok,ok,64.31199108660434,125.0,125.0,-0.7526979729125985,-0.38077215860153446,-0.38077215860153446,WXNCv7a7qxZ1Thd6Jrg2Ap62AFmGJsFNbmZyrB4MijW,4LjJL18pN6oMxr6Z6bMUxXy7K5CbbZTjrQ5UsSjjpiNn,1790915608.8388326,train,strict_D120m_H24
ok,1790867272.027901,1790881672.027901,time,ok,ok,20.035744259,125.0,125.0,-0.0022797375720056134,-0.03630213159548612,-0.03630213159548612,FDBhysmWdMPSuEcZBndSn3eQCcdwPJckTgKKSyq2H5fM,AQzXX96tWaXJD6eamyxv3F8raTfjPhr6aF6hA646pump,1790860071.027901,train,strict_D120m_H4SL40
ok,1790866877.265248,1790881277.265248,time,ok,ok,22.335073038,125.0,125.0,0.16473301056854606,0.043026958158469686,0.043026958158469686,EJyURP7tvgGtj1tD5HQPohDQ57kF98Z7P2gnjejqtkDv,GZFPdVhVTzpFbCDStngnsfQdhj8VBnB9FdhnHMoQpump,1790859676.265248,train,strict_D120m_H4SL40
