coin,growth,v24,ts,spread_bp,top_bid_usd,top_ask_usd,cost_buy_1000_bp,cost_sell_1000_bp,cost_buy_10000_bp,cost_sell_10000_bp
xyz:XYZ100,enabled,119619179.88839997,1791185545862,0.3247544044816108,91304.4384,10598.9506,0.1623772022396608,0.162377202240771,0.16237720224188124,0.162377202240771
xyz:TSLA,enabled,12704015.176450007,1791185546894,0.806310725275764,777.5844999999999,1603.29272,0.40315536263824114,0.5227176957556257,0.8456953265922884,1.217194028045876
xyz:NVDA,enabled,19900611.067889996,1791185547516,0.4245112813869168,999.9522000000001,4017.8819200000003,0.21225564069249359,0.21227593319350646,0.466198970592302,0.5943194449653522
xyz:GOLD,,17435314.526890002,1791185548314,0.24081588421659894,232552.04225,15855.872580000001,0.12040794210799177,0.12040794210799177,0.12040794210799177,0.12040794210799177
xyz:HOOD,enabled,2330185.48225,1791185548879,1.7452006980799322,200.07414,1427.58216,0.8726003490400203,1.5706281212490847,2.146422983451135,1.7277437147189545
xyz:INTC,enabled,28228108.283699993,1791185549678,0.8523332623059976,3993.5727999999995,2172.9516,0.4261666311533574,0.4261666311522472,1.272623951904528,1.0394466113605727
xyz:PLTR,enabled,945625.4184000001,1791185550323,1.5927371187386123,1000.0853999999999,284.25032999999996,1.1763631809613706,0.7963685593703751,1.917305236902589,1.9927946704967336
xyz:COIN,enabled,4844105.490230001,1791185551111,1.070549191735908,499.90356,1403.46696,0.5352745958697724,0.8872875480858688,1.6437866494678488,1.9522852523790046
xyz:META,enabled,7549921.3171500005,1791185551934,0.6882265091080519,1000.36296,999.7052799999999,0.3441538208193151,0.34411325455452335,0.6381815745926112,0.7691594567549309
xyz:AAPL,enabled,4635826.89968,1791185552719,0.9025135000986616,1000.1615099999999,1212.6681600000002,0.4512567500492004,0.4512567500480902,0.8757383907309624,0.9940337533564936
xyz:MSFT,enabled,3544774.327170001,1791185553380,0.7770460594044646,2347.77475,2501.3646099999996,0.38852302970182606,0.38852302970182606,0.6483766375264821,1.2368990873035113
xyz:ORCL,enabled,1145556.8259400004,1791185554177,2.0991498443131325,2275.8254,206.24799000000002,1.604968377233451,1.0495749221572925,3.9366186224309985,2.468292758476265
xyz:GOOGL,enabled,6365026.104309994,1791185555053,0.29143048654293224,1999.41851,322.20845999999995,0.4177632322766023,0.14571524327156027,1.0533898006448439,0.744127233370806
xyz:AMZN,enabled,3140154.090459999,1791185555798,0.3983190934253811,1453.32845,999.97198,0.1991818667379519,0.19915954671323455,2.0541388266170912,0.8723923458042737
xyz:AMD,enabled,10700494.468989998,1791185556665,1.417333994754575,2638.8522,1207.8460799999998,0.7086669973777049,0.7086669973777049,1.7880107763268427,1.2730479852851584
xyz:MU,enabled,21971040.527500007,1791185557331,0.9258830609685575,85735.8,1500.2588999999998,0.4629415304835405,0.4629415304846507,2.372784850579457,0.4629415304846507
xyz:SNDK,enabled,11599544.962499997,1791185558232,0.5781182251765229,7882.242900000001,119.3562,1.1732636501715632,0.28905911258814143,1.418091705733815,0.4114960896428599
xyz:MSTR,,8419974.921289999,1791185559014,0.6058953618721759,488.68343999999996,2536.9835500000004,0.30294768093463986,0.9464449075746728,1.3627304988306221,2.2586948217873104
xyz:CRCL,enabled,5486575.638463999,1791185559806,1.683461196218921,1000.02203,1000.0240559999999,0.8417305981089918,0.841730598110102,1.1219352037072916,1.2637503909529446
xyz:NFLX,enabled,738052.2998599999,1791185560914,1.9344806291534014,4008.04736,1515.338776,0.9672403145777331,0.9672403145766229,2.3987734203489985,2.5426015134744073
xyz:COST,enabled,36782.507332,1791185561678,5.1304722763471835,1000.0275340000001,999.9909289999999,2.565237128344666,2.565236138173388,5.568951889798335,14.947638233840932
xyz:LLY,enabled,111611.55427,1791185562778,0.875388453627491,99.95124999999999,14439.936000000002,0.43769422681583237,3.5893736693970446,0.43769422681583237,3.908560778619341
xyz:SKHX,enabled,15341488.048600001,1791185563577,0.7265065930466711,137.64000000000001,1694.4715,0.3632532965225366,0.9897697872707223,1.1840916361860465,1.5650058112148812
xyz:TSM,enabled,730721.86584,1791185564403,1.0451832728871384,256.40096,273.65052,0.9780848162388445,1.2561398915755806,4.40654732376089,2.0995648903132658
xyz:JPY,enabled,1573531.6185000008,1791185565195,1.9025271902845,3113.9824999999996,14555.71,0.9512635951414161,0.9512635951436366,0.9512635951414161,1.3879667375793492
xyz:EUR,enabled,5845491.221040001,1791185566362,0.8928172849425381,6720.000000000001,1990.9777500000002,0.4464086424715852,0.44640864247047496,2.0292482154804503,0.7392702836284126
xyz:SILVER,enabled,43126799.44513999,1791185567127,0.1629128823369486,100.05265999999999,3097.38618,0.08145644116774875,0.2280696952583483,0.30635911406395877,0.30465533251811117
xyz:RIVN,enabled,31825.16933,1791185567950,7.679687227284538,74.4536,1074.53171,3.839843613642202,6.213317737380208,9.734147969928664,9.188150366435943
xyz:BABA,enabled,536341.83474,1791185568723,1.8654976214901615,1271.2848000000001,588.31614,1.3167253727708328,0.9327488107468973,2.7688495311783967,3.22967720483458
xyz:CL,enabled,56935176.28580301,1791185569540,0.11144358447198306,16304.481624,56772.898008,0.05572179223589657,0.05572179223589657,0.05572179223589657,0.05572179223589657
xyz:COPPER,enabled,2788969.203436,1791185570320,2.4307612840493804,2108.84423,999.97289,1.2153847605822499,1.2153806420245328,1.7551999718934397,2.0463220180122477
xyz:NATGAS,enabled,3283352.354429999,1791185571133,0.9912931419042378,1799.0758999999998,1149.7673499999999,0.49564657095269027,0.4956465709504698,1.2495798190137464,2.0990528844366807
xyz:SMSN,enabled,9156883.90448,1791185571963,1.9353590090958022,868.59198,690.3779999999999,1.1174819329262675,1.0312626007902281,1.7862423780079517,1.6139787431501684
xyz:PLATINUM,enabled,712149.26535,1791185572620,4.06988575249307,425.42904,1000.01039,2.034942876247836,2.369013736002179,4.243733545450379,2.591621538272637
xyz:USAR,enabled,290993.3397899998,1791185573421,8.767443559582418,999.94429,999.99979,4.383721933209905,4.383762485622444,10.200162261611023,7.387164365136867
xyz:CRWV,enabled,461791.6237299999,1791185574275,1.5531395606844913,200.09526,999.73023,0.7765997079012266,1.46248142307015,2.497210435181696,3.2242442830576756
xyz:URNM,enabled,210821.91716,1791185575059,12.029757821981145,259.97346,40.77346,26.130053764570338,20.234134443364304,62.18147894595738,
xyz:PALLADIUM,enabled,497699.65566,1791185575865,2.551779866456467,73.1161,3500.70934,1.2758899332276918,3.4545987253109534,1.8656791984583698,6.598949685232558
xyz:GME,enabled,976256.45009,1791185576999,10.348670593854402,999.92002,999.9498600000001,5.1743552531458015,5.174367132297908,8.024590461324088,6.665816868214325
xyz:KR200,enabled,122495.92142,1791185577815,14.29337144899175,454.48717999999997,71.58078,7.9760704729658904,7.959574880053166,16.36547771610042,15.366864734746022
xyz:SOFTBANK,enabled,319483.158675,1791185578504,6.3254184507581375,14.710578,75.12075899999999,,,,
xyz:JP225,enabled,825222.6741800001,1791185579389,5.278814121541128,29.43066,4999.5441,2.6394070607715925,3.237397680009302,2.7107483823574086,3.9717477728840045
xyz:HYUNDAI,enabled,150511.50399,1791185580120,5.764685536403116,999.93972,746.2227599999999,2.979869704431426,2.882365935440445,8.39443762694847,10.921096165146249
xyz:KIOXIA,enabled,1922158.8155500006,1791185580898,6.587072869493479,13.84074,100.10775999999998,13.47730918399792,,,
xyz:EWY,enabled,7224537.475759999,1791185581994,1.0455329604271122,2325.39096,1417.7243,0.5227664802132104,0.5227664802143206,1.9654749930797522,0.9239741931799106
xyz:EWJ,enabled,292709.288585,1791185582764,5.135770642523951,1431.58876,1000.044372,2.5678853212629527,2.567885321260732,6.586928084775234,4.5987708856720655
xyz:BRENTOIL,enabled,46348523.96539998,1791185583583,0.9863392020520901,21194.5028,11896.0887,0.4931696010257447,0.4931696010257447,0.4931696010257447,0.4931696010257447
xyz:HIMS,enabled,70356.04959,1791185584380,9.96067251713061,1021.992,999.99857,4.980336749713654,4.980336258564311,6.8495657283484945,7.628929594577505
xyz:SP500,enabled,74575108.64609998,1791185585151,0.12967561644593342,46099.347,149666.73280000003,0.06483780822241769,0.06483780822241769,0.06483780822241769,0.06483780822463814
xyz:DKNG,enabled,71501.67126,1791185585976,12.865873271148766,27.77658,1735.37802,6.432936635574205,10.050119185439632,25.435492032492846,18.832316215374732
xyz:LITE,enabled,1076368.9611000004,1791185587295,1.8152114721369161,3046.2005000000004,1203.2748000000001,0.9076057360668521,0.9076057360690726,2.1212896338429488,1.900951770912318
xyz:XLE,enabled,60223.14027,1791185588130,10.244261612830947,58.07106,61.88094,6.313507254671613,5.72521845503049,6.824260449225239,11.197986047358777
xyz:BX,enabled,37584.6789,1791185588885,12.510052720936518,2830.6704,15.677200000000003,7.13459156639118,6.255026360467708,8.397851427366376,10.67234462371891
xyz:PURRDAT,,740742.0719999999,1791185589577,13.734599070894333,296.856,767.9319999999999,8.17917292124104,8.331852170473386,14.88196479236148,12.62286057330475
xyz:MRVL,enabled,4317931.432900001,1791185590339,1.0859925066507163,1220.9366,411.62739999999997,0.8289224461810463,0.542996253325434,2.261778785435098,1.2091395317448406
xyz:RKLB,enabled,442944.42952,1791185591121,0.2679923354185825,1000.0152,5137.5292,0.13399616771048173,0.13399616770826128,1.3909816213830695,1.1460345856162402
xyz:BIRD,enabled,27629.84755,1791185591898,43.032670856690174,227.3367,92.38878000000001,46.03888031893932,73.34375053485664,,88.65277764374957
xyz:DRAM,enabled,21361419.459700014,1791185592709,0.16185289190616894,98.8544,86.499,0.6723342485104311,1.0287852800527908,1.406834704251736,1.8783215546569476
xyz:CBRS,enabled,49496854.8165,1791185593499,0.5572117125896919,52.0434,999.6479,0.278802039610504,1.9755578063318513,1.3513600746239973,2.916481918799896
xyz:EWZ,enabled,3355080.802240001,1791185594262,61.585835257890075,1777571.6231000002,12.1179,36.42568037901306,30.79291762894565,83.49304328350016,30.79291762894565
xyz:ZM,enabled,10833.62795,1791185595133,14.953069951321387,2786.6400000000003,69.77025,9.631227155668665,7.476534975661142,23.91716429563928,18.512002806910786
xyz:EBAY,enabled,2466.5068,1791185595983,14.115654260575512,332.37469999999996,999.5960000000001,7.05820727617823,21.518321369390357,11.761467495798872,36.63291654802059
xyz:ARM,enabled,728083.6689000002,1791185596742,2.2597775733214913,1369.0066000000002,535.9540000000001,1.4294900615396955,1.1298887866595386,3.675905258404555,1.8277675075906163
xyz:EWT,enabled,88142.729,1791185597381,9.339842920823555,1930.6079999999997,67.1631,5.461966956366027,4.669921460412896,19.416478999265685,7.938741512674152
xyz:GBP,enabled,113134.5909,1791185598130,0.7564010438333572,39.660000000000004,1322.1000000000001,0.37820052191772646,1.1046048795637642,1.9326204281111536,1.7847215811739314
xyz:SPCX,enabled,15280035.792599995,1791185598917,0.6244341065921089,6006.8514,1896.176,0.3122170532976476,0.31221705329542715,0.8182414719071218,0.5615722244600718
xyz:ASML,enabled,328144.3608,1791185599685,3.7667823606965616,999.604,210.03310000000002,3.613603103518326,1.8836042840730816,5.51204340408562,3.5647099025293283
xyz:MINIMAX,enabled,753478.2225299999,1791185600593,1.9231385621334744,3999.3271999999997,1610.3352200000002,0.9615692810660548,0.9615692810682752,6.504723691267422,2.327973847608966
xyz:BB,enabled,2982583.6706000003,1791185601493,4.628309106466029,141.1852,127.31136,6.601292198442632,3.5158802685175683,8.67934401074244,5.638412627676503
xyz:QNT,enabled,174230.58289,1791185602306,12.276413133608761,170.75936000000002,190.4819,10.842458464270788,8.599143013406918,21.34831992241848,11.069632341940139
xyz:DELL,enabled,1040686.0140000002,1791185602958,1.0641882903825601,952.7882,16.9152,1.567288655868193,0.548842126181226,4.652159430680314,2.9585029549061836
xyz:IBM,enabled,353593.6252000002,1791185603700,2.6949335249718764,51.200300000000006,51.2141,2.6029095782043044,2.6029574721797566,2.685731054099527,3.174768745056733
xyz:AVGO,enabled,2670695.2876999993,1791185604531,1.9576860151315152,96.5331,600.768,1.3137850849953558,1.7735781944294704,3.3599732274880445,2.52729234566873
xyz:NOW,enabled,37138.9729,1791185605567,12.649280107145913,124.90830000000001,5937.2919999999995,6.32464005357436,10.816942731306511,8.408842168259323,14.45311131605842
xyz:NBIS,enabled,2270184.7366,1791185606280,2.848365241805586,808.4188,5161.59,1.4241826209038244,1.5381089290433803,1.817924908573687,5.215529037416733
xyz:WDC,enabled,1515701.92724,1791185607091,1.663873735752919,530.46487,712.73356,0.9684965511413957,1.004800033178599,2.7736113573806342,2.514911840144629
xyz:NOK,enabled,157367.83993,1791185607956,4.708319600733561,99.90597000000001,5000.09406,2.35415980036624,10.240155572510679,4.091165457125179,15.8092292248313
xyz:SMH,enabled,73344.38712,1791185608841,6.3125335353340475,65.87984,199.6659,4.756040343187884,3.844972063106189,6.693698466972986,7.099193687593042
xyz:BE,enabled,415278.4125,1791185609561,2.0641254988304074,148.23149999999998,142.44789999999998,2.9639059990049788,3.380778310366761,4.851472179334682,5.555618304077248
xyz:ZHIPU,enabled,1806644.0451180001,1791185610477,2.822134945086064,6307.1002499999995,280.25293,2.029003847043853,1.4110674725431593,5.297312177994229,2.0759827390515184
xyz:QCOM,enabled,2016704.8858000003,1791185611282,1.5866719555732454,177.7164,276.0714,2.945114048114039,2.098067098850187,5.671991605471494,5.906849403900516
xyz:STRC,,60305.6256,1791185612059,7.847635145332464,6358.656,4991.486400000001,3.9238175726641344,3.923817572666355,5.5110351804610325,4.510050713723013
xyz:BOT,enabled,140064.43345,1791185612871,4.449997432693147,181.0834,16.363200000000003,,16.253211617383023,,38.601347293103494
xyz:AMAT,enabled,644591.9819199999,1791185613665,7.5741481392528955,2512.91484,2512.6528,3.787074069625529,3.7870740696277494,4.748637396481126,4.74433780376482
xyz:GIGADEV,enabled,36146.50989,1791185614426,9.113347256503097,13.1615,20.55066,,8.78111098615908,,
xyz:SHAZ,enabled,8113.08227,1791185615328,61.76459090731451,245.32923999999997,79.546,53.40058321692487,32.53916459997952,73.21853846697257,43.81109016501905
xyz:SKHY,enabled,9113159.574699998,1791185616153,1.0280662074642866,2118.4317,19548.384000000002,0.5140331037312151,0.5140331037323254,0.5140331037312151,1.315829088409659
xyz:KSTR,enabled,6110.26241,1791185616788,38.3617285343567,288.60075,22.2,44.761093161955756,28.495267448157556,62.284803489667254,43.67156200288713
xyz:CXMT,enabled,1025441.4976599999,1791185617597,2.8576531523483193,193.1379,1124.71983,1.4288265761752683,2.638813083245539,7.062854268182761,4.440882114097322
xyz:GEV,enabled,9842.05119,1791185618383,18.144795467832854,12.884559999999999,626.53252,10.904198016516986,20.188844098548707,21.509969987125732,24.870121811202406
xyz:KORU,enabled,3573735.305299999,1791185619204,2.643171806167501,102.1365,181.624,3.153501960242444,2.6234654491219533,4.273391842513075,4.4029554181412855
xyz:UNITREE,enabled,327327.4983000001,1791185620001,2.3449751579202043,218.99582999999998,88.02831,2.2284340768097266,1.9481209993155169,,
xyz:LYTE,enabled,4152.05554,1791185620863,22.00559791525998,62.35634,502.54278,11.985382922750087,23.15480209873155,20.184746909304163,53.31478446719107
xyz:NCLD,enabled,57065.64004,1791185621679,60.71545782737106,89.18834,14.914499999999999,80.03194503442668,307.7860336977412,81.10787488371018,378.267406242262
xyz:SOXL,enabled,11669324.051700003,1791185622444,1.8136202883656942,62966.126000000004,1566.6221000000003,0.9068101441811471,0.9068101441833676,2.8643056048860416,0.9068101441833676
xyz:MAGS,enabled,65498.91798,1791185623494,10.199862164024541,15000.039180000002,418.82698999999997,23.666665345012383,5.0999310820132315,43.89944670614376,5.0999310820132315
xyz:IREN,enabled,105098.444,1791185624225,4.047763610604166,209.95000000000002,42.007,7.010735700605508,4.00327917497445,9.526207278707233,5.5564040947952975
xyz:NET,enabled,104093.3082,1791185624794,23.192223447051646,198.84449999999998,737.7826,11.74322379921211,14.803062952032375,,22.055589881253557
xyz:CRWD,enabled,1176311.3244,1791185625578,5.943315627206456,236.8344,40.3935,4.991656530231037,3.822130397946877,8.953682333987523,7.59151550886128
xyz:RDDT,enabled,54375.3463,1791185626276,20.92968301657511,14.796000000000001,238.71470000000002,16.63062055729636,26.149197753700946,31.105921280278892,39.18068030646871
xyz:AAOI,enabled,306775.0633,1791185627072,3.420850081245724,229.1436,229.222,2.4056059122434803,3.1718968136440484,6.463816146735635,6.776421751981676
xyz:MRNA,enabled,806808.5183000002,1791185627870,3.1499370012600942,177.1185,2663.3298,1.574968500630547,3.5063329238727015,4.109226468096416,5.054213854778222
xyz:XBI,enabled,34053.2251,1791185628661,10.321248871113186,15.494,198.528,15.462418304774683,42.49299483742863,22.4108861456207,49.898499753346925
xyz:SHEIN,enabled,183687.75163,1791185629485,7.587160566344533,12.66133,12.67094,17.48351049885244,16.448102494414087,23.122087568301364,25.516574340435085
xyz:BMNR,,250085.2496799999,1791185630261,2.2325581395349685,1204.40304,794.78246,1.38502375951699,1.1162790697683,7.596224097803361,6.2031273051332825
xyz:SNXX,enabled,94584.5202,1791185631013,7.890983034387494,181.148,181.29100000000003,5.487997878437234,4.829648285490373,,9.19446564468629
xyz:CVX,enabled,1015.6286,1791185631833,83.64155002779944,14.417900000000001,62.309999999999995,97.532184679463,111.1703600404268,100.91271269925261,112.7741454662201
xyz:TLT,enabled,87153.40953,1791185632609,18.801107462494468,69.04798,7823.3232,9.40055373124693,12.149231294730223,10.344664901753564,14.761958506875894
xyz:HO,enabled,412308.7576000001,1791185633413,67.92903260810566,4996.2048,74603.1824,33.96451630405251,33.96451630405251,33.96451630405251,50.75590743584768
xyz:OURA,enabled,174881.7698,1791185634170,26.88712699404089,278.3089,89.8662,79.99625717442838,13.596353376874593,325.12795471107745,13.649381211524592
