ledger_kind,id,url,platform,title,author,published,traders,content_type,status,fetched,adapter,discovered_via,priority,notes
source,src_3832c4ad35bfb47a,https://x.com/cupseyy,x.com,Cupsey (@Cupseyy) on X,,,cupsey,,search_citation,False,websearch,websearch:Cupsey twitter x.com trader,,
source,src_409b141d17900bf7,https://x.com/Cupseyy/status/1967955259512574345,x.com,"Cupsey on X: ""got drained for $500,000 overnight. only connected wallet to jupiter, axiom, photon, nova. they left $200,000. this was a manual drain. no extensions."" / X",,,cupsey,,search_citation,False,websearch,websearch:Cupsey hacked wallet drained new wallet,,
source,src_934beb68446c5b0a,https://x.com/Seer_Tracker/status/1969092961137754610,x.com,"Seer KOL Tracker on X: ""🔹 Cupsey (Cupseyy) swapped 20,324,953.51 ($374.77) $SKETCH → 1.58 SOL (100% sold) at 18.44K MC PnL: +0.1 SOL (+1.42%) CA: 7cY8hoZExxzbNAYDPwFE8wjKVp8FWsJ5Ajeox8opump Wallet: 2fg5QD1eD7rzNNCsvnhmXFm5hqNgwTTG8p7kQ6f3rx6f"" / X",,,cupsey,,search_citation,False,websearch,websearch:Cupsey wallet 2fg5QD1eD7rzNNCsvnhmXFm5hqNgwTTG8p7kQ6f3rx6f,,
source,src_c0e3feb64c2cae6c,https://x.com/lookonchain/status/1994810002251681942,x.com,"Lookonchain on X: ""Influencer @Cupseyy has spent $5.04K to buy 1.47M $VEIL over the past 3 days. Cupsey had previously profited over $606K. Address: 2fg5QD1eD7rzNNCsvnhmXFm5hqNgwTTG8p7kQ6f3rx6f https://t.co/Nk3THUgBiV"" / X",,,cupsey,,search_citation,False,websearch,websearch:Cupsey wallet 2fg5QD1eD7rzNNCsvnhmXFm5hqNgwTTG8p7kQ6f3rx6f,,
source,src_d47524cf6ede4a3d,https://x.com/dippy_eth/status/1968435704096010348,x.com,"Dippy.eth on X: ""I see that @Cupseyy has made a new wallet. Interesting... I hope you're safe this time, dude. 2fg5QD1eD7rzNNCsvnhmXFm5hqNgwTTG8p7kQ6f3rx6f"" / X",,,cupsey,,search_citation,False,websearch,websearch:Cupsey wallet 2fg5QD1eD7rzNNCsvnhmXFm5hqNgwTTG8p7kQ6f3rx6f,,
source,src_2601d2ea3ae83b22,https://x.com/i/status/1948860111390474659,x.com,"threadguy on X: ""live with @Cupseyy and @FlippingProfits https://t.co/lcLhHOhmWF"" / X",,,cupsey,,search_citation,False,websearch,websearch:Cupsey ThreadGuy TG Podcast FlippingProfits,,
source,src_e4bba60ad027a180,https://x.com/ArtOverTrade/status/1863420122087440853,x.com,"Alex the Artist on X: ""Cupsey says his strategy wouldn’t work if he wasnt trading all day - @Cupseyy on @orangie Twitch Stream https://t.co/ZCTQNaU6z7"" / X",,,cupsey,,search_citation,False,websearch,websearch:Cupseyy stream,,
source,src_2a849970cc7b3229,https://www.twitch.tv/cupseyy,www.twitch.tv,Cupseyy - Twitch,,,cupsey,,search_citation,False,websearch,websearch:Cupsey twitch,,
source,src_f9631eb6ef425d14,https://twitchtracker.com/cupseyy/streams,twitchtracker.com,Cupseyy - Streams List and Statistics · TwitchTracker,,,cupsey,,search_citation,False,websearch,websearch:Cupseyy twitch memecoin trading stream VOD,,
source,src_957807354b3aa207,https://www.twitchmetrics.net/c/442158235-cupseyy,www.twitchmetrics.net,Cupseyy - Streamer Profile & Stats,,,cupsey,,search_citation,False,websearch,websearch:twitchtracker Cupseyy streams TRENCHING DONT COPY TRADE,,
source,src_597a1bf32e4a1d72,https://x.com/Seer_Tracker/status/2007272000214184162,x.com,"Seer KOL Tracker on X: ""🔹 Cupsey (Cupseyy) swapped 39,533,432.45 ($431.68) $FLOYD → 3.26 SOL (100% sold) at 10.92K MC PnL: $+38.68 (+9.84%) CA: AF69VATDQppiKVx5oCmDN23aMECZ1VrHqLe7k6Jupump Wallet: 2fg5QD1eD7rzNNCsvnhmXFm5hqNgwTTG8p7kQ6f3rx6f"" / X",,,cupsey,,search_citation,False,websearch,websearch:Cupsey wallet 2fg5QD1eD7rzNNCsvnhmXFm5hqNgwTTG8p7kQ6f3rx6f,,
source,src_6a28a98d18d95624,https://x.com/Seer_Tracker/status/1992090843721932943,x.com,"Seer KOL Tracker on X: ""🔹 Cupsey (Cupseyy) swapped 20,389,082.6 ($304.48) #Trustless → 2.42 SOL (100% sold) at 14.93K MC PnL: +1.12 SOL (+85.86%) CA: 4aH32Ca6EEyvcPKZPEizpyyUXwjJ8AHoMKYumTaVpump Wallet: 2fg5QD1eD7rzNNCsvnhmXFm5hqNgwTTG8p7kQ6f3rx6f"" / X",,,cupsey,,search_citation,False,websearch,websearch:Cupsey wallet 2fg5QD1eD7rzNNCsvnhmXFm5hqNgwTTG8p7kQ6f3rx6f,,
source,src_8c6472fd4f531a57,https://solscan.io/account/2fg5QD1eD7rzNNCsvnhmXFm5hqNgwTTG8p7kQ6f3rx6f,solscan.io,"""cupseyyyyy"" on Pump.fun (2fg5Q)",,,cupsey,,search_citation,False,websearch,websearch:Cupsey wallet 2fg5QD1eD7rzNNCsvnhmXFm5hqNgwTTG8p7kQ6f3rx6f,,
source,src_deb3dc2201572a83,https://kolscan.io/account/2fg5QD1eD7rzNNCsvnhmXFm5hqNgwTTG8p7kQ6f3rx6f,kolscan.io,Cupsey,,,cupsey,,search_citation,False,websearch,websearch:Cupsey trader profile wallet PnL,,
source,src_6f27893e45beb960,https://www.threads.com/@lumos.eth/post/DOusmLYEV7e/after-271-consecutive-green-days-cupseys-historic-wallet-has-officially-been-ret?hl=en,www.threads.com,"After 271 consecutive green days, Cupsey’s historic wallet has officially been retired with a total PnL of 30.75M Yesterday was the first day since December 20, 2024, that he did not trade due to the drain. Right now he’s already back to trading with a new wallet.",,,cupsey,,search_citation,False,websearch,websearch:Cupsey hacked wallet drained new wallet,,
source,src_d45e0a1b4e68871b,https://gmgn.ai/sol/address/suqh5sHtr8HyJ7q8scBimULPkPpA557prMG47xCHQfK,gmgn.ai,Cupsey,,,cupsey,,search_citation,False,websearch,websearch:Cupsey trader profile wallet PnL,,
source,src_a925d3e93bc736e4,https://kolscan.io/account/suqh5sHtr8HyJ7q8scBimULPkPpA557prMG47xCHQfK,kolscan.io,PnL Calendar,,,cupsey,,search_citation,False,websearch,websearch:Cupsey trader profile wallet PnL,,
source,src_c0c6072ee76fea82,https://x.com/Seer_Tracker/status/1922089653726822601?lang=en,x.com,"Seer KOL Tracker on X: ""🔹 Cupsey (Cupseyy) swapped 9.9 SOL → 11,189,357.97 ($1,710.72) $BGENT at 152.89K MC Holds: 11,189,357.97 BGENT (1.12%) CA: 6wxUmeTfv4fuSJg9QH2n1nxfYSMeu3qvyqYvf8vMbonk Wallet: suqh5sHtr8HyJ7q8scBimULPkPpA557prMG47xCHQfK"" / X",,,cupsey,,search_citation,False,websearch,websearch:suqh5sHtr8HyJ7q8scBimULPkPpA557prMG47xCHQfK Cupsey,,
source,src_92134e610df7b65f,https://x.com/chaac_7/status/1866538846923657540,x.com,"chaac on X: ""@DurraniNazirr @lau_buk29120 @orangie @seally63 @Cupseyy suqh5sHtr8HyJ7q8scBimULPkPpA557prMG47xCHQfK here. just don't copy trade you will get rinsed"" / X",,,cupsey,,search_citation,False,websearch,websearch:suqh5sHtr8HyJ7q8scBimULPkPpA557prMG47xCHQfK Cupsey,,
source,src_49f2bd0703e8fb69,https://x.com/rizcuny/status/1883633452119150888,x.com,". on X: ""@Acidbej @cj03z suqh5sHtr8HyJ7q8scBimULPkPpA557prMG47xCHQfK cupsey"" / X",,,cupsey,,search_citation,False,websearch,websearch:suqh5sHtr8HyJ7q8scBimULPkPpA557prMG47xCHQfK Cupsey,,
source,src_255bf6acbd0e3fef,https://web3.okx.com/portfolio/suqh5sHtr8HyJ7q8scBimULPkPpA557prMG47xCHQfK/analysis,web3.okx.com,Web3 Onchain Data Analysis - Address suqh5sHtr8HyJ7q8scBimULPkPpA557prMG47xCHQfK,,,cupsey,,search_citation,False,websearch,websearch:suqh5sHtr8HyJ7q8scBimULPkPpA557prMG47xCHQfK Cupsey,,
source,src_5471eed2bde8a5ed,https://kolexplorer.com/kol/cupsey,kolexplorer.com,"Cupsey Solana Wallet — 7D +$3.1K, 38% WR",,,cupsey,,search_citation,False,websearch,websearch:Cupsey Solana memecoin trader,,
source,src_de18a5a0adf57b4d,https://x.com/trenchgrinders,x.com,TrenchGrinders (@TrenchGrinders) / X,,,cupsey,,search_citation,False,websearch,websearch:TrenchGrinders Cupsey telegram group,,
source,src_09af663690b60eef,https://x.com/Cupseyy/status/1814419653109993906,x.com,"Cupsey on X: ""@degen_mind @TrenchGrinders lol i dont have copy traders because i buy so many coins, if you have never heard of getting in early and quick flipping then you are just a bad trader"" / X",,,cupsey,,search_citation,False,websearch,websearch:twitchtracker Cupseyy streams TRENCHING DONT COPY TRADE,,
source,src_c3c75ff9a7acf42a,https://x.com/Cupseyy/status/1812122879141585349?lang=en,x.com,"Cupsey on X: ""Finished making the telegram Invite only and capped at around 30 to start off, will slowly add more Only true grinders will be in here, if you don’t grind you are out Looking to add a few more people today Dm me with receipts of grinding (pnls,tokens traded, etc) This is how"" / X",,,cupsey,,search_citation,False,websearch,websearch:Cupseyy stream,,
source,src_13f527a762791376,https://x.com/Cupseyy/status/1812243575452942530?lang=en,x.com,"Cupsey on X: ""I am putting the avengers of solana together in this telegram. Every single one of us in here is an elite trader I will tweet when more spots are open because purges will come Time to build the best group on solana I am so excited for the future Everybody in the group is up"" / X",,,cupsey,,search_citation,False,websearch,websearch:Cupseyy stream,,
source,src_26f6e6a5f7780ba6,https://x.com/Cupseyy/status/2082655928483279012,x.com,Cupsey (@Cupseyy) on X,,,cupsey,,search_citation,False,websearch,websearch:Cupsey larp impersonator tiktok scam fake account,,
source,src_2f7c729fdc0e7f3b,https://x.com/cupseytoken?lang=en,x.com,Cupsey (@CupseyToken) on X,,,cupsey,,search_citation,False,websearch,websearch:Cupsey twitter x.com trader,,
source,src_8a559b77ff05d6ae,https://x.com/Cupseymascot,x.com,Cupsey (@Cupseymascot) / Posts / X,,,cupsey,,search_citation,False,websearch,websearch:Cupsey twitter x.com trader,,
source,src_55b87df7fccf3818,https://x.com/CupseyToken/status/1855309380784144889,x.com,"Cupsey on X: ""Manifesting. $CUPSEY 5PsnNwPmMtsGZgG6ZqMoDJJi28BR5xpAotXHHiQhpump https://t.co/QIByzApIhM"" / X",,,cupsey,,search_citation,False,websearch,websearch:Cupsey twitter x.com trader,,
source,src_d87f337016691404,https://cupsey.co/,cupsey.co,CUPSEY,,,cupsey,,search_citation,False,websearch,websearch:Cupsey Solana memecoin trader,,
source,src_52487b70b10291a7,https://cupseyshop.com/,cupseyshop.com,HappyPillCo.,,,cupsey,,search_citation,False,websearch,websearch:$CUPSEY plushie token SpongeBob not affiliated trader,,
source,src_141df4f4027ea928,https://www.coingecko.com/en/coins/cupsey,www.coingecko.com,"CUPSEY Price: CUPSEY/USD Live Price Chart, Market Cap & News Today",,,cupsey,,search_citation,False,websearch,websearch:Cupsey Solana memecoin trader,,
source,src_725629baff33643b,https://www.bybit.com/en/price/cupsey/,www.bybit.com,CUPSEY [OLD] Price: CUPSEY Live Price Today,,,cupsey,,search_citation,False,websearch,websearch:Cupsey stream live trading,,
source,src_5651f51b5a27946d,https://x.com/gmgnai/status/1857273682848260402,x.com,"GMGN.Ai on X: ""🔥KOL Aped in CUPSEY! 🌱New Holder! Fresh Wallet @publixplays (30D PnL 0.23X) buy $10,326.11 #CUPSEY at $0.00071 [run of green-circle emoji omitted] [Solana] CA:HwVaPAgtqSmhyZHUaHz1mpfU5SUhU4spwvENCMzepump #Smartmoney #Solana #SolanaSwap 💰Wallet PnL Analysis 👉🏻 https://t.co/moWZAiSLO0"" / X",,,cupsey,,search_citation,False,websearch,websearch:Cupsey gmgn OKX leaderboard Solana wallet,,
source,src_679ad4e7e3b95303,https://x.com/CupseyToken/status/1860100250926743952,x.com,"Cupsey on X: ""Kick and twitch WERE the platforms for Live Streaming. We welcome streamers to @pumpdotfun live streams where you can make +10x the money the “competitor platforms” offer. Green pill the WORLD! - $CUPSEY 🙏🏻🧸💊💊💊"" / X",,,cupsey,,search_citation,False,websearch,websearch:Cupseyy stream,,
source,src_bafc299b77aee5d5,https://x.com/CupseyToken/status/1859338525201588643,x.com,"Cupsey on X: ""lookey lookey, you got Cupseyy on stream? 👀 lets get cupsey on their too - cupsey 🙏🧸💊💊💊"" / X",,,cupsey,,search_citation,False,websearch,websearch:Cupseyy stream,,
source,src_c99450e3d966f59e,https://x.com/CupseyToken/status/1859226769452073141,x.com,"Cupsey on X: ""@a1lon9 Cupsey live stream was 🔥"" / X",,,cupsey,,search_citation,False,websearch,websearch:Cupseyy stream,,
source,src_380d0a98690d658b,https://x.com/CupseyToken/status/2093363967913529505,x.com,"Cupsey on X: ""@boldleonidas the first face they’ll see."" / X",,,cupsey,,search_citation,False,websearch,websearch:Cupsey face reveal stream first time,,
source,src_be3bf48fadae3ebc,https://x.com/hoppycat/status/1853193742548886013,x.com,"Hoppy Tea Cat 🐂🀄️ on X: """"Cupsey"" is a token named after Orangie's plushie after I showed it to PumpDotFun in a thread, he purchased it. The Pump Fun community named the MASCOT Pumpshie. So they're really two different tokens. One is named after Orangie's toy that I pointed out, the other is named https://t.co/SOeLKT7pey"" / X",,,cupsey,,search_citation,False,websearch,websearch:$CUPSEY plushie token SpongeBob not affiliated trader,,
source,src_9ebe96547d9ed35d,https://phantom.com/tokens/solana/5UfSYXPSNWDVZ918SdUtg4dLPiTN1DPtrsa9Ty2ubonk,phantom.com,CUPSEY FACE REVEAL (CUPSEY) Price Chart - Buy and Sell on Phantom,,,cupsey,,search_citation,False,websearch,websearch:Cupsey face reveal stream first time,,
source,src_a1a02060afe06478,https://phantom.com/tokens/solana/3qoV5C9MnMat4qz1zn7XwMjCERf6F5MoY14QVeMRpump,phantom.com,Real Cupsey Face Reveal (CUPSEY) Price Chart - Buy and Sell on Phantom,,,cupsey,,search_citation,False,websearch,websearch:Cupsey face reveal stream first time,,
source,src_26ccb1c603c3fb55,https://jup.ag/tokens/F7ss9kckPbefJgPFyD9rFTEA4yYiDvDcdyJV59pPpump,jup.ag,"CUPSEY PLS STREAM Price Today, CUPSEYREAD to USD live price chart, marketcap & news",,,cupsey,,search_citation,False,websearch,websearch:Cupsey stream live trading,,
source,src_ce074da2e9246f6f,https://web3.okx.com/token/solana/4c622D7SUSvzbvT2nbSb9WijFzPsDocJrjgpL1o3M1U9,web3.okx.com,CUPSETTA $0.0₆65982 (Cupsey Girlfriend),,,cupsey,,search_citation,False,websearch,websearch:Cupsey gmgn OKX leaderboard Solana wallet,,
source,src_621ce9ac2fbe233b,https://web3.okx.com/token/solana/Bxq1rJJ553gMYhn1eLWuPShjeBqQNRpvHs3M41AKpump,web3.okx.com,Cupsey $0.0₅23183 (Cupsey),,,cupsey,,search_citation,False,websearch,websearch:Cupsey gmgn OKX leaderboard Solana wallet,,
source,src_5f6f2d37541de949,https://web3.okx.com/token/solana/7ibyTfPcPmiNvrm9gVJMd67pz1MtaV4F6Kcx65UnTGGH,web3.okx.com,cupsey $0.0₅37882 (cupsey),,,cupsey,,search_citation,False,websearch,websearch:Cupsey gmgn OKX leaderboard Solana wallet,,
source,src_d85a3d2c8cd3a208,https://phantom.com/tokens/solana/6NwarBvDkXhByqVp2Qkq5i9XbtA2B3Bwe8SWGu9vpump,phantom.com,"Cupsey (CUPSEY) Price, Chart & How to Buy",,,cupsey,,search_citation,False,websearch,websearch:Cupsey Solana memecoin trader,,
source,src_63b4c25440102da6,https://x.com/cupsey,x.com,Cupsey (@cupsey) / X,,,cupsey,,search_citation,False,websearch,websearch:Cupseyy stream,,
source,src_7b35bc4ed212e5f8,https://x.com/Cuqsey/with_replies,x.com,Posts with replies by Cupsey (@Cuqsey) / X,,,cupsey,,search_citation,False,websearch,websearch:TrenchGrinders Cupsey telegram group,,
source,src_f26544e059f26028,https://kick.com/cupc4ke,kick.com,CUPC4KE Stream - Watch Live on Kick,,,cupsey,,search_citation,False,websearch,websearch:Cupsey kick stream,,
source,src_201ab0cb5b71f006,https://kick.com/cup,kick.com,CUP Stream - Watch Live on Kick,,,cupsey,,search_citation,False,websearch,websearch:Cupsey kick stream,,
source,src_9db9ed86c069c516,https://www.twitch.tv/cuppycakiee,www.twitch.tv,CuppyCakiee - Twitch,,,cupsey,,search_citation,False,websearch,websearch:Cupsey twitch,,
source,src_8fe4acc72c718024,https://coconote.app/notes/f63fd4b3-c340-4c8e-bc02-072c694569b3,coconote.app,Cupsy's Trading Success,,,cupsey,,search_citation,False,websearch,websearch:Cupsey Fortnite player crypto trader background,,
source,src_02bae4a779859908,https://www.tiktok.com/@orangieclipss/video/7473938413725502762,www.tiktok.com,Analyzing Cupsy's Successful Crypto Trading Strategy,,,cupsey,,search_citation,False,websearch,websearch:Cupsey on Orangie stream twitch clip strategy trading all day,,
source,src_2450a594a129ebff,https://t.me/Cupseyportal,t.me,Telegram: View @Cupseyportal,,,cupsey,,search_citation,False,websearch,websearch:TrenchGrinders Cupsey telegram group,,
source,src_5dedcbff31b91630,https://benzinga.com/markets/cryptocurrency/23/12/36342464/memecoin-madness-solana-degen-turns-92-into-1-5m-in-16-days-trading-silly-token-can-you-re,benzinga.com,"Memecoin Madness: Solana Degen Turns $92 Into $1.5M In 16 Days Trading Silly Token, Can You Repeat This Dream?",,,cupsey,,search_citation,False,websearch,websearch:Cupsey Solana memecoin trader,,
source,src_d352e72cff0160f7,https://pump.fun/callouts/9twiuSdTVkwtAC9XQDG57dFRhF4iqPih461HJfMZKci9/295e9a16-70af-4485-b519-dfdf0a277d8e,pump.fun,Pump,,,cupsey,,search_citation,False,websearch,websearch:Cupsey twitter x.com trader,,
source,src_c36a946407dfde4b,https://panewslab.com/en/articles/44e636fc-7462-4d75-aa94-85d1b537d089,panewslab.com,MEME whale trading secrets: high-frequency gaming and covert manipulation behind high returns,,,cupsey,,search_citation,False,websearch,websearch:suqh5sHtr8HyJ7q8scBimULPkPpA557prMG47xCHQfK Cupsey,,
source,src_2ab1ddd582108b31,https://www.gate.com/learn/articles/meme-whale-trading-secrets-high-frequency-gaming-and-covert-manipulation-behind-high-returns/10966,www.gate.com,MEME Whale Trading Strategies: High-Frequency Tactics and Market Manipulation,,,cupsey,,search_citation,False,websearch,websearch:suqh5sHtr8HyJ7q8scBimULPkPpA557prMG47xCHQfK Cupsey,,
source,src_25abf5132fb768a7,https://x.com/Colewherld/status/2043055865217810796,x.com,"Colewherld on X: ""Normies after Cupsey buys 30% at $2k MC: https://t.co/qJ2eDjtrYT"" / X",,,cupsey,,search_citation,False,websearch,websearch:Cupsey twitter x.com trader,,
source,src_473e7aea1af66687,https://www.tiktok.com/discover/cupsey-trader-filter,www.tiktok.com,Cupsey Trader Filter,,,cupsey,,search_citation,False,websearch,websearch:Cupsey Axiom filters Flippr trading setup tools,,
source,src_33b1b77acecb1784,https://x.com/rasmr_eth/status/1968013123933356241,x.com,"rasmr on X: ""Cupsey’s $400k drain should hopefully be a lesson for everyone: “if it’s enough to buy you a sports car or put a down payment on a house, it should never be sitting in a hot wallet” https://t.co/VasLXdz3Lq"" / X",,,cupsey,,search_citation,False,websearch,websearch:Cupsey hacked wallet drained new wallet,,
source,src_7f7c46e44a6ab5cd,https://x.com/TheJaeVESper/status/2090168878433284265,x.com,"J’ae VESper 🩸 on X: ""Rasmr asks millionaire trader Cupsey why revenue is so stable in the trenches. Cupsey says the game will always exist, regardless of market conditions. “even if SOL was $30, it’d still be around.” he says it comes down to one thing: “tokenized attention has just like becom… / X",,,cupsey,,search_citation,False,websearch,"websearch:""Cupsey"" Rasmr Cented Orangie traders stream together trenches",,
source,src_aeb1f04e302f1972,https://www.youtube.com/watch?v=9RgEIAjpmB0,www.youtube.com,This 19 Year Old Made $30M off Memecoins,,,cupsey,,search_citation,False,websearch,websearch:Cupsey youtube,,
source,src_a2fe93836cac61f0,https://x.com/notdecu,web,,,,decu,,document,True,http,,,identity verification pass
source,src_3017beaabceea658,https://x.com/notdecu/status/2049865699598672039,web,,,,decu,,document,True,http,,,identity verification pass
source,src_f9b0c07b99ec4782,https://x.com/notdecu/status/1991259940355260625,x.com,"decu on X: ""My friend told me he just graduated from an ivy league school with a 4.0 Then I told him ""congrats, btw im a memecoin millionaire"""" / X",,,decu,,search_citation,False,websearch,websearch:notdecu,,
source,src_05d68ffd3006cb13,https://x.com/notdecu/status/2023975756229988361,x.com,"decu on X: ""Unfortunately, I got banned on Twitch earlier today Before I was able to start my trading day Any love on this tweet would be appreciated. Not sure if it will help, but why not give it a shot"" / X",,,decu,,search_citation,False,websearch,"websearch:""decu"" banned on twitch memecoin kick",,
source,src_1715e86e7bd05e48,https://orbmarkets.io/address/4vw54BmAogeRV3vPKWyFet5yf8DTLcREzdSzx4rw9Ud9/history,orbmarkets.io,Decu @notdecu Transaction History,,,decu,,search_citation,False,websearch,websearch:4vw54BmAogeRV3vPKWyFet5yf8DTLcREzdSzx4rw9Ud9,,
source,src_ed2a82e518aa1a02,https://app.sorsa.io/profile/notdecu,app.sorsa.io,"decu (@notdecu) Twitter Analysis, Engagement, Audit & ...",,,decu,,search_citation,False,websearch,websearch:notdecu twitch.tv/decu,,
source,src_a277cea4ad27a1ef,https://kolexplorer.com/kol/decu,kolexplorer.com,"Decu Solana Wallet — 7D +$95.6K, 69.4% WR",,,decu,,search_citation,False,websearch,websearch:notdecu,,
source,src_8887d596e297a429,https://app.nansen.ai/profiler?address=4vw54BmAogeRV3vPKWyFet5yf8DTLcREzdSzx4rw9Ud9&chain=solana,app.nansen.ai,kingdecu.sol,,,decu,,search_citation,False,websearch,websearch:4vw54BmAogeRV3vPKWyFet5yf8DTLcREzdSzx4rw9Ud9,,
source,src_99191d67d90d4b3d,https://kolscan.io/account/4vw54BmAogeRV3vPKWyFet5yf8DTLcREzdSzx4rw9Ud9?timeframe=1,kolscan.io,kolscan,,,decu,,search_citation,False,websearch,websearch:4vw54BmAogeRV3vPKWyFet5yf8DTLcREzdSzx4rw9Ud9,,
source,src_9599e1ecf2fd7359,https://www.twitch.tv/Decu,www.twitch.tv,decu - Live on Twitch,,,decu,,search_citation,False,websearch,websearch:Decu solana memecoin trader,,
source,src_9eb840962cc78e2f,https://twitchtracker.com/decu/streams/320246557018,twitchtracker.com,"decu - Stream Jul 08, 2026 - Stats on viewers, followers, subscribers; VOD and clips · TwitchTracker",,,decu,,search_citation,False,websearch,websearch:decu twitchtracker streams,,
source,src_1b8f8bb51145a6e1,https://streamscharts.com/channels/decu,streamscharts.com,"decu - Twitch Stats, Analytics and Channel Overview",,,decu,,search_citation,False,websearch,websearch:Decu twitch memecoin stream,,
source,src_0428b21ac9d2ada1,https://www.twitchmetrics.net/c/460930758-decu,www.twitchmetrics.net,decu - Streamer Profile & Stats,,,decu,,search_citation,False,websearch,websearch:decu0x,,
source,src_925dba4a133bd26a,https://www.youtube.com/@DecuTV/videos,www.youtube.com,Decu,,,decu,,search_citation,False,websearch,websearch:notdecu twitch.tv/decu,,
source,src_647a640a937c5849,https://coinlaunch.space/influencers/decu0x/,coinlaunch.space,"Decu: Statistics, Performance Overview & Supported Projects",,,decu,,search_citation,False,websearch,websearch:decu0x,,
source,src_6875917857c14a35,https://x.com/decurionz,x.com,Decu (@decurionz) / Posts / X,,,decu,,search_citation,False,websearch,websearch:decu0x,,
source,src_093ea1a66584bd37,https://moralis.com/chain/solana/token/price/decu-0-x-1,moralis.com,Decu0x (DECU) Price Today,,,decu,,search_citation,False,websearch,websearch:decu0x,,
source,src_6041444276219925,https://phantom.com/tokens/solana/7EvZbu6XnzboRPkN7DViwbuGaKc8Bsc5QteJ7RESpump,phantom.com,Official Decu Coin (DECU) Price Chart - Buy and Sell on Phantom,,,decu,,search_citation,False,websearch,websearch:decurionz Decu crypto,,
source,src_d0552cd8c57b757a,https://www.decu.com/,www.decu.com,Homepage - Main Source for Our Members to Stay Up to Date Easily,,,decu,,search_citation,False,websearch,websearch:Decu,,
source,src_73b2aa3ed1c1ce4a,https://apps.apple.com/us/app/decu/id498327380,apps.apple.com,DECU App - App Store,,,decu,,search_citation,False,websearch,websearch:Decu,,
source,src_cef9a22a18ce22c7,https://en.wikipedia.org/wiki/Development_and_Educational_Communication_Unit,en.wikipedia.org,Development and Educational Communication Unit,,,decu,,search_citation,False,websearch,websearch:Decu,,
source,src_0ae88d82c94a4fee,https://twitchtracker.com/deku,twitchtracker.com,Deku - Streamer Overview & Stats · TwitchTracker,,,decu,,search_citation,False,websearch,websearch:decu twitchtracker streams,,
source,src_376d4a12277973b0,https://kick.com/dekuundead,kick.com,DekuUndead Stream - Watch Live on Kick,,,decu,,search_citation,False,websearch,websearch:decu kick stream memecoins,,
source,src_4153dca903134523,https://kick.com/deqiuv,kick.com,deqiuv Stream - Watch Live on Kick,,,decu,,search_citation,False,websearch,websearch:decu kick stream memecoins,,
source,src_1cb4cdcfbe43d2d0,https://x.com/nodecu?lang=en,x.com,nodecu (@nodecu) on X,,,decu,,search_citation,False,websearch,websearch:nodecu,,
source,src_49e04160178bd38a,https://www.coinbase.com/price/decurian,www.coinbase.com,"Decurian Price, ECU Price, Live Charts, and Marketcap",,,decu,,search_citation,False,websearch,websearch:decurionz Decu crypto,,
source,src_558d16b2c12d0fdd,https://x.com/0xEthan/status/2086453375848325371,x.com,"Ethan on X: ""Millionaire Memecoin Trader Decu Reveals The Most Money He Ever Made In One Trade"" / X",,,decu,,search_citation,False,websearch,websearch:Ethan interview Decu memecoin trader youtube 0xEthan,,
source,src_cde2c6b0536a2c3d,https://www.youtube.com/channel/UC2gIzSrTRxUVzbWLT8XErcg,www.youtube.com,Ethan Prosper,,,decu,,search_citation,False,websearch,websearch:Ethan interview Decu memecoin trader youtube 0xEthan,,
source,src_28ec2f6750ab2d6f,https://x.com/pr6spr,x.com,Ethan Prosper (@pr6spr) on X,,,decu,,search_citation,False,websearch,websearch:Ethan interview Decu memecoin trader youtube 0xEthan,,
source,src_607d4fd2286bbfe5,https://x.com/tilcrypto/status/2088264560725880934,x.com,"til on X: ""@notdecu liquidity provider"" / X",,,decu,,search_citation,False,websearch,websearch:notdecu,,
source,src_0cbefc22e64630f0,https://www.blocmates.com/blocmates-101/top-crypto-streaming-channels-on-twitch,www.blocmates.com,Top Crypto Streaming Channels on Twitch,,,decu,,search_citation,False,websearch,websearch:top crypto streaming channels on twitch decu cented memecoin streamers,,
source,src_70f290581e183ad6,https://x.com/notdecu?lang=en,x.com,decu (@notdecu) / Posts / X,,,decu,,search_citation,False,websearch,websearch:notdecu axiom new pairs dev wallet,,
source,src_b2672fb8b97cd937,https://x.com/notdecu/status/2027958091547914386,x.com,"decu on X: ""+$201,000 in February We will cook even harder next month 1 wallet warrior https://t.co/VkeeKNj1it"" / X",,,decu,,search_citation,False,websearch,websearch:notdecu,,
source,src_d4c4f729a3b4db3d,https://x.com/kripto_fanatic/status/2027611952437203129,x.com,"defreeeeee on X: ""@notdecu even in dry market bro doing 50 sol good pnl"" / X",,,decu,,search_citation,False,websearch,websearch:notdecu,,
source,src_f4381c9ccd269a88,https://x.com/bivlol/status/2083411240508850567,x.com,"_ on X: ""can someone who is smarter than me explain how this isn’t complete larp? i understand there are exceptional traders, but this is just unrealistic. Something else is going on, and i refuse to believe anything else"" / X",,,decu,,search_citation,False,websearch,websearch:notdecu,,
source,src_aaf7e72689dccc95,https://x.com/Setuhx?lang=en,x.com,setuh (@Setuhx) on X,,,setuh,,search_citation,False,websearch,websearch:Setuh crypto trader twitter,,
source,src_8ce86b7926858495,https://x.com/Setuhx,web,,,,setuh,,document,True,http,,,identity verification pass
source,src_c546bbd70dced7a1,https://x.com/Setuhx?lang=ro,x.com,setuh (@Setuhx) pe X,,,setuh,,search_citation,False,websearch,websearch:SetuhTrades telegram,,
source,src_ae6a78115f446156,https://www.youtube.com/@setuhh/videos,www.youtube.com,Youtube,,,setuh,,search_citation,False,websearch,"websearch:""setuhh"" youtube",,
source,src_e1fc54b5ff173cfc,https://www.youtube.com/@setuhh,www.youtube.com,Youtube,,,setuh,,search_citation,False,websearch,"websearch:""@setuhh"" memecoins channel",,
source,src_737d47652d07c565,https://linktr.ee/setuh,linktr.ee,"setuh Official: X, Twitch",,,setuh,,search_citation,False,websearch,websearch:Setuh youtube trading,,
source,src_1549accd42d8f506,https://www.youtube.com/watch?v=kOdCGWGO80E,www.youtube.com,The Memecoin Blueprint Day 1: Start With $0 - YouTube,,,setuh,,search_citation,False,websearch,"websearch:""The Memecoin Blueprint"" setuh",,
source,src_84e82643c3782076,https://www.twitch.tv/setuhh,www.twitch.tv,setuhh - Twitch,,,setuh,,search_citation,False,websearch,"websearch:""setuhh"" youtube",,
source,src_88e6b1a8a41a78e8,https://trade.padre.gg/sign-in?rk=setuh,trade.padre.gg,Terminal,,,setuh,,search_citation,False,websearch,websearch:Setuh solana memecoin trader,,
source,src_56334c2ce84b1f12,https://www.youtube.com/watch?v=vYyOchs9P_g,www.youtube.com,"How To Turn $10 Into $100,000 Trading Memecoins (Full Course) - YouTube",,,setuh,,search_citation,False,websearch,websearch:setuh live trading memecoins,,
source,src_011dd4e7df160567,https://www.scribd.com/document/850486009/Setup-Trading,www.scribd.com,Panduan Trading Memecoin Solana,,,setuh,,search_citation,False,websearch,websearch:Setuh solana memecoin trader,,
source,src_ce93c6f2a5e20802,https://settum.gumroad.com,settum.gumroad.com,Profile PictureSettum Trading Academy,,,setuh,,search_citation,False,websearch,websearch:Setuh youtube trading,,
source,src_857202d9331661d3,https://www.twitch.tv/setthh/videos,www.twitch.tv,Setthh's Videos - Twitch,,,setuh,,search_citation,False,websearch,websearch:setthh twitch,,
source,src_94c604df5ff6e669,https://www.twitch.tv/sethus,www.twitch.tv,Sethus - Live on Twitch,,,setuh,,search_citation,False,websearch,websearch:setuh,,
source,src_b63ecc7cd120cba3,https://kick.com/jessitcuh/videos,kick.com,Jessitcuh Videos - Watch On-Demand on ...,,,setuh,,search_citation,False,websearch,websearch:setuh,,
source,src_2d1064a68e7349fa,https://www.youtube.com/watch?v=v9W9zKxgas0,www.youtube.com,"Watch Me Make $75,000 Trading Memecoins (LIVE) - YouTube",,,setuh,,search_citation,False,websearch,"websearch:setuhh ""Watch Me Make"" trading memecoins LIVE",,
source,src_6803eabef526d7d2,https://www.youtube.com/watch?v=-CiBS6_yOJM,www.youtube.com,"Watch Me LIVE Make $13,000 Trading Crypto Memecoins - YouTube",,,setuh,,search_citation,False,websearch,"websearch:setuhh ""Watch Me Make"" trading memecoins LIVE",,
source,src_8a8d70280931afeb,https://www.youtube.com/watch?v=r-8nbRjzZRI,www.youtube.com,"How I Made $800,000 Trading Memecoins in 1 Hour (LIVE) - YouTube",,,setuh,,search_citation,False,websearch,"websearch:setuhh ""Watch Me Make"" trading memecoins LIVE",,
source,src_5ce197d1427d6c1f,https://www.youtube.com/watch?v=R4pZrcOGygg,www.youtube.com,I Tried Trading Memecoins with Just $10 - YouTube,,,setuh,,search_citation,False,websearch,"websearch:""I Tried Live Trading Memecoins With Just $10"" 0.1 SOL challenge",,
source,src_04175b75f4eaf2d5,https://www.youtube.com/watch?v=NeGgdwKOOY0,www.youtube.com,I Tried Trading MEMECOINS with Just 0.1 SOLANA - YouTube,,,setuh,,search_citation,False,websearch,"websearch:""I Tried Live Trading Memecoins With Just $10"" 0.1 SOL challenge",,
source,src_bd9fbb4c33623afc,https://www.youtube.com/watch?v=sd_X_hsJutM,www.youtube.com,The Memecoin Blueprint Day 2: Bundles - YouTube,,,setuh,,search_citation,False,websearch,"websearch:""The Memecoin Blueprint"" setuh",,
source,src_732bc7788cc92512,https://www.youtube.com/watch?v=sj8ohBuJbxs,www.youtube.com,The Memecoin Blueprint Day 3: Scanning Narratives - YouTube,,,setuh,,search_citation,False,websearch,"websearch:""The Memecoin Blueprint"" setuh",,
source,src_559489ba5d75b237,https://www.youtube.com/watch?v=fnIb5k8PBuM,www.youtube.com,The Memecoin Blueprint Day 4: Scalping - YouTube,,,setuh,,search_citation,False,websearch,"websearch:""The Memecoin Blueprint"" setuh",,
source,src_c021d737b343b407,https://www.youtube.com/watch?v=P1WjCGzIE2A,www.youtube.com,"How I Turned $50 into $500,000 Trading Memecoins (Full Scalping Guide) - YouTube",,,setuh,,search_citation,False,websearch,websearch:Setuh youtube trading,,
source,src_69b96cbf6b269ce7,https://www.youtube.com/watch?v=-o5Vw0U7V4w,www.youtube.com,Watch Me Make $10k Trading Memecoins (LIVE) - YouTube,,,setuh,,search_citation,False,websearch,websearch:setuh live trading memecoins,,
source,src_2d4052e7ce740257,https://x.com/LeckSol,web,,,,leck,,document,True,http,,,identity verification pass
source,src_c35da2344740c614,https://x.com/lecksol,x.com,Leck (@LeckSol) / X,,,leck,,search_citation,False,websearch,"websearch:""@LeckSol""",,
source,src_01d7f55ddda9ac5d,https://x.com/LeckSol/status/1877081965293162681,x.com,"Leck on X: ""fixed the free twitter monitor in my server, finally. https://t.co/aHtiqNYviW"" / X",,,leck,,search_citation,False,websearch,websearch:Leck LeckSol,,
source,src_03d6e0953bb6038a,https://x.com/LeckSol/status/1869727062992498860,x.com,"Leck on X: ""since y'all mfs love Solana, i'll give one away haha ...",,,leck,,search_citation,False,websearch,websearch:Leck LeckSol,,
source,src_6bdcc188a62b2c7e,https://x.com/LeckSol/status/1880572575400837459,x.com,"Leck on X: ""what do i do next boys? https://t.co/ktX0JzqKCW"" / X",,,leck,,search_citation,False,websearch,websearch:Leck LeckSol,,
source,src_493a18ba36e5eae2,https://x.com/LeckSol/status/2061944294454243680,x.com,Leck (@LeckSol) on X,,,leck,,search_citation,False,websearch,"websearch:""@LeckSol""",,
source,src_ec86a57e0584c926,https://www.youtube.com/@LeckSol,www.youtube.com,Leck,,,leck,,search_citation,False,websearch,"websearch:""LeckSol""",,
source,src_bed1c08103568b38,https://t.me/TheDegenTrenches,t.me,The Trenches,,,leck,,search_citation,False,websearch,"websearch:""The Degen Trenches"" telegram Leck",,
source,src_c89a909f710ca646,https://t.me/s/TheDegenTrenches?before=3370,t.me,The Trenches,,,leck,,search_citation,False,websearch,"websearch:""The Degen Trenches"" telegram Leck",,
source,src_5c067adeeddda0be,https://orbmarkets.io/address/98T65wcMEjoNLDTJszBHGZEX75QRe8QaANXokv4yw3Mp/history,orbmarkets.io,Leck @LeckSol Transaction History - Orb,,,leck,,search_citation,False,websearch,"websearch:""@LeckSol""",,
source,src_395edc29e2f446e8,https://teletype.in/@klim_brain/wNlQKAaB0SA,teletype.in,Smart Wallets (Axiom) — Teletype,,,leck,,search_citation,False,websearch,websearch:98T65wcMEjoNLDTJszBHGZEX75QRe8QaANXokv4yw3Mp,,
source,src_e4812c87d0160c33,https://www.youtube.com/watch?v=9nr1q6ezSiI,www.youtube.com,"1 Solana To $20,000, Website Down Below - YouTube",,,leck,,search_citation,False,websearch,"websearch:""1 Solana To $20,000"" website down below axiom",,
source,src_8d90e4677cdb74fc,https://www.youtube.com/watch?v=DPgpjaRkZEY,www.youtube.com,"Turning 1 Solana into $20,000 Scalping Solana Meme coins - YouTube",,,leck,,search_citation,False,websearch,"websearch:""Turning 1 Solana into $20,000 Scalping Solana Meme coins"" Leck lecksol",,
source,src_ed873968f402e938,https://www.instagram.com/lecksol/,www.instagram.com,(@lecksol) • Instagram photos and videos,,,leck,,search_citation,False,websearch,"websearch:""@LeckSol""",,
source,src_6dca37d74180bd8d,https://en.wikipedia.org/wiki/Leck_(rapper),en.wikipedia.org,Leck (rapper),,,leck,,search_citation,False,websearch,websearch:Leck kolscan,,
source,src_ecd8625e9b97615c,https://www.youtube.com/c/LeckOfficiel/videos,www.youtube.com,LECK Officiel - YouTube,,,leck,,search_citation,False,websearch,"websearch:""LeckSol"" youtube video",,
source,src_f57d37abc2d0ea93,https://en.wikipedia.org/wiki/Leck_(song),en.wikipedia.org,Leck (song),,,leck,,search_citation,False,websearch,websearch:Leck memecoin filters Q&A youtube trenches,,
source,src_9653e284b5396a36,https://x.com/LeekSol,x.com,LEEK (@LeekSol) / X,,,leck,,search_citation,False,websearch,"websearch:""@LeckSol""",,
source,src_6f1e5c7aab23003f,https://x.com/LeekSol/status/1965837680593285390,x.com,"LEEK on X: ""🎉 $LEEK MEME CONTEST ALERT 🎉 Think youre funny? Prove it, degen. We’re giving away 0.01 $SOL x10 to the 10 best memes! 💰 📜Rules: -Must follow 👉 @LeekSol -Post your ORIGINAL meme (no broccoli copy pasta🥦❌) -Tag us + use #LEEK #VeggieCult #Solana Time limit: 48 HOURS ⏰ https://t.co/LeVP4MQJpn"" / X",,,leck,,search_citation,False,websearch,"websearch:""LeekSol"" LEEK solana trader",,
source,src_8098a63a13fae122,https://www.leeksol.online/,www.leeksol.online,LEEK — Crypto Trading,,,leck,,search_citation,False,websearch,"websearch:""LeekSol"" LEEK solana trader",,
source,src_bc2a9cf76930fcb8,https://web3.okx.com/token/solana/HshFT7s2i4U21bGkQowqvNLkcPntiKYsEpvyXUsupump,web3.okx.com,LEEK $0.0₅26192 (The Leekers),,,leck,,search_citation,False,websearch,"websearch:""LeekSol"" LEEK solana trader",,
source,src_222bcade9efc4e7c,https://www.bitrue.com/blog/where-to-buy-cyberleek-coin-on-solana,www.bitrue.com,How to Buy and Trade CyberLeek Coin (CYBERLEEK) on Solana,,,leck,,search_citation,False,websearch,"websearch:""LeekSol"" LEEK solana trader",,
source,src_d01592e38444701d,https://twitter.com/LEC21,twitter.com,LECK (@LEC21) on X,,,leck,,search_citation,False,websearch,websearch:Leck LeckSol,,
source,src_1dbe26a106a4f3f9,https://x.com/lecks_1,x.com,Profile / X,,,leck,,search_citation,False,websearch,websearch:Leck LeckSol,,
source,src_2d6a56f9e4010b31,https://kick.com/leckatv,kick.com,LeckaTV Stream - Watch Live on Kick,,,leck,,search_citation,False,websearch,websearch:Leck,,
source,src_1b34ddbc8f5dfb46,https://kick.com/lecko/about,kick.com,About lecko - Watch Live on Kick,,,leck,,search_citation,False,websearch,websearch:Leck,,
source,src_3a4886c386b2eb4c,https://m.twitch.tv/solanaa/home,m.twitch.tv,Solanaa - Twitch,,,leck,,search_citation,False,websearch,websearch:Leck solana,,
source,src_39bf95e41fae6b49,https://finance.yahoo.com/news/solana-memecoin-trader-missed-45m-160128521.html,finance.yahoo.com,"Solana Memecoin Trader Missed Out On $45M After Selling Too Early But Says, 'I'll Be Real, It Doesn't Hurt'",,,leck,,search_citation,False,websearch,websearch:Leck solana memecoin trader,,
source,src_87a5fc475853cde0,https://lecksinc.bandcamp.com/,lecksinc.bandcamp.com,Music,,,leck,,search_citation,False,websearch,"websearch:""LeckSol""",,
source,src_6d802f44e0e70d8f,https://leckwasteservices.com/,leckwasteservices.com,Leck Waste Services,,,leck,,search_citation,False,websearch,"websearch:""LeckSol""",,
source,src_0993c126f8b08931,https://www.yelp.com/biz/lecks-greenhouses-chalfont,www.yelp.com,"LECK’S GREENHOUSES - Updated May 2026 - 715 Upper Stump Rd, Chalfont, Pennsylvania - Phone Number - Yelp",,,leck,,search_citation,False,websearch,"websearch:""LeckSol""",,
source,src_cfe06b72994ed8a4,https://www.youtube.com/channel/UCGQrmg_3d0-Zs6uf3qq8_XA,www.youtube.com,Laksol - YouTube,,,leck,,search_citation,False,websearch,"websearch:""LeckSol"" youtube video",,
source,src_e561cbb9d2160774,https://www.conservationresources.com/shop/leksol/,www.conservationresources.com,Leksol - #LEK,,,leck,,search_citation,False,websearch,"websearch:""leckinsol""",,
source,src_44e48969432faa35,https://en.wikipedia.org/wiki/Leck,en.wikipedia.org,Leck,,,leck,,search_citation,False,websearch,websearch:Leck kolscan,,
source,src_8648e8ccfe22bbc9,https://www.youtube.com/watch?v=X7msxvyQd_U,www.youtube.com,LIVE TRADING MEMECOINS - YouTube,,,leck,,search_citation,False,websearch,websearch:LeckSol youtube live trading memecoins,,
source,src_d16b5ffc1b98d598,https://m.youtube.com/shorts/jVe7p3pWHno,m.youtube.com,day 1 of turning 0.7 sol into 100 solana #Leck #memecoins ...,,,leck,,search_citation,False,websearch,"websearch:""Leck"" youtube ""Solana"" memecoin channel 1 SOL challenge",,
source,src_34ba1861e934aa70,https://www.youtube.com/watch?v=V6QLgJE_2nA,www.youtube.com,Exposing My SECRET Memecoin Trading Filters... - YouTube,,,leck,,search_citation,False,websearch,"websearch:""Exposing My SECRET Memecoin Trading Filters""",,
source,src_c2ddec20dd2d074f,https://docs.j7tracker.io/docs,web,Overview — j7tracker API,,,,,webpage,True,http,,,J7 Tracker official API docs (information environment)
source,src_f9dcf8364d56ae14,https://docs.j7tracker.io/docs/feed,web,Connect — j7tracker API,,,,,webpage,True,http,,,J7 Tracker official API docs (information environment)
source,src_cacde1237f8a0c8e,https://docs.j7tracker.io/docs/feed-events,web,Events — j7tracker API,,,,,webpage,True,http,,,J7 Tracker official API docs (information environment)
source,src_79a52d2bfb880675,https://docs.j7tracker.io/docs/data-types,web,Data Types — j7tracker API,,,,,webpage,True,http,,,J7 Tracker official API docs (information environment)
source,src_432d7c31965a985c,https://docs.j7tracker.io/docs/accounts,web,Manage Accounts — j7tracker API,,,,,webpage,True,http,,,J7 Tracker official API docs (information environment)
source,src_b9739a9ef0985ffa,https://docs.j7tracker.io/docs/platforms,web,Platforms — j7tracker API,,2022-01-01 00:00:00+00,,,webpage,True,http,,,J7 Tracker official API docs (information environment)
source,src_1a212260a7c71d97,https://docs.j7tracker.io/docs/errors,web,Errors & Limits — j7tracker API,,,,,webpage,True,http,,,J7 Tracker official API docs (information environment)
source,src_b62ea28f5df7c1f5,https://docs.j7tracker.io/docs/deploy,web,Deploy API — j7tracker API,,,,,webpage,True,http,,,J7 Tracker official API docs (information environment)
source,src_5abadd47354ae6da,https://docs.j7tracker.io/docs/quick-start,web,Quick Start — j7tracker API,,,,,webpage,True,http,,,J7 Tracker official API docs (information environment)
source,src_8993a2d2c485f87e,https://x.com/Cupseyy,web,,,,cupsey,,document,True,http,,,identity verification pass
source,src_47acc67d18bd8813,https://kolscan.io/leaderboard,web,,,,cupsey;leck;setuh,,document,True,file,,,KOL list extracted from kolscan.io page data on 2026-10-01
source,src_8ee6bc98832ab8fe,/home/user/RErereresearch/data/raw/video/live/kick_solanaswaggy/20261001T122548Z.mp4,unknown,SolanaSwaggy live stream (Kick) — recorded segment 12:25:48–12:34 UTC,SolanaSwaggy,2026-10-01 12:25:48+00,solanaswaggy,,video,True,local,,,Live recording of kick.com/solanaswaggy; video t=0 is 2026-10-01T12:25:48+00:00 (stream latency ~7 s measured from the on-screen chart clock)
source,src_1cdbe07672c58c2f,stream://pump_curve/2026-10-01/swaggy-evidence,web,Tape excerpt: swordbunny + copycat Boy launches,,,solanaswaggy,,document,True,file,,,
source,src_089024e26085ab1e,stream://pump_curve/2026-10-01/event-study,web,Event study: flow and price around tracked-wallet entries,,,,,document,True,file,,,
source,src_d1beb6659603bc1c,stream://pump_curve/2026-10-01/selection-study,web,Selection study: tracked picks vs choice set; structure of hot new tokens,,,,,document,True,file,,,
source,src_4b2391d67470e0bc,stream://pump_curve/2026-10-01/market-structure,web,Who profits on the bonding curve: wallet types by realized PnL,,,,,document,True,file,,,
source,src_9d0f1db2ba7cfd58,stream://pump_curve/2026-10-01/human-winners,web,Profitable vs losing human-paced wallets on the bonding curve,,,,,document,True,file,,,
source,src_93835dce3def766f,/home/user/RErereresearch/data/raw/video/live/twitch_decu/20261001T133837Z_seg0000-2000.mp4,local,"Decu live stream (Twitch) 360p, 13:38:37+2000s UTC",Decu,2026-10-01 13:38:37+00,decu,,video,True,local,,,"Live capture of twitch.tv/decu, first 2000 s; video t=0 is 2026-10-01T13:38:37+00:00"
source,src_4b0b80d9dcb3cabb,/home/user/RErereresearch/data/raw/video/live/twitch_decu/20261001T141139Z_720p_seg0000-1900.mp4,local,"Decu live stream (Twitch) 720p, 14:11:39+1900s UTC",Decu,2026-10-01 14:11:39+00,decu,,video,True,local,,,"Live capture of twitch.tv/decu, first 1900 s; video t=0 is 2026-10-01T14:11:39+00:00"
source,src_71ba357f91ab320e,stream://pump_curve/2026-10-01/decu-stream,web,Decu's on-stream trades (tape excerpt + one full tx),,,decu,,document,True,file,,,
source,src_dc10ce46ef42cf06,stream://pump_curve/2026-10-01/decu-choice-set,web,Decu BUY vs SKIP among creator-dump candidates,,,decu,,document,True,file,,,
source,src_467688af2719b8a7,stream://pump_curve/2026-10-01/consistent-winners,web,Consistently profitable human-paced wallets (whole tape),,,,,document,True,file,,,
source,src_a1521940bb4b435b,stream://twitch_decu/2026-10-01/screen-visits,web,Token pages Decu opened on stream (URL-bar OCR),,,decu,,document,True,file,,,
source,src_546550bf00e61216,/home/user/RErereresearch/data/raw/video/live/twitch_setuhh/20261001T161522Z_seg0000-0240.mp4,local,"Setuh live stream (Twitch) 720p, 16:15:22+240s UTC",Setuh,2026-10-01 16:15:22+00,setuh,,video,True,local,,,"Live capture of twitch.tv/setuhh, first 240 s; video t=0 is 2026-10-01T16:15:22+00:00"
source,src_00d5f7d66c1a37a4,solana://tx/setuh-hardcat-2026-10-01,web,Setuh's wallet: HARDCAT buy/sell transactions,,,setuh,,document,True,file,,,
candidate,cand_4800b94b0382ebcb,https://www.twitch.tv/cupseyy/videos,twitch,Cupseyy's Videos - Twitch,,,cupsey,live_trading_session,candidate,False,,websearch:Cupsey twitch,high,
candidate,cand_9aca34964a7095bd,https://twitchtracker.com/cupseyy/streams,twitch,TRENCHING DONT COPY TRADE | !AXIOM !FLIPPR !FILTERS,,2025-02-28,cupsey,live_trading_session,candidate,False,,websearch:twitchtracker Cupseyy streams TRENCHING DONT COPY TRADE,high,
candidate,cand_e546ba89a91ae3b5,https://streamrecorder.io/twitch/cupseyy,other,"Cupseyy Twitch Video, VOD and Clips Download",,,cupsey,live_trading_session,candidate,False,,websearch:Cupseyy twitch memecoin trading stream VOD,high,
candidate,cand_3e4d2502c4b30cf2,https://www.twitchmetrics.net/c/442158235-cupseyy/streams,twitch,Cupseyy's Most Recent 15 Streams,,,cupsey,other,candidate,False,,websearch:twitchtracker Cupseyy streams TRENCHING DONT COPY TRADE,medium,
candidate,cand_0b5c320e8326c9ce,https://streamscharts.com/channels/cupseyy/streams/330221823613,twitch,Cupseyy stream analytics & stats by 29 Jul 02:53,,,cupsey,unknown,candidate,False,,websearch:twitchtracker Cupseyy streams TRENCHING DONT COPY TRADE,medium,
candidate,cand_b8f1bbcac7b44ca7,https://streamscharts.com/channels/cupseyy/clips,twitch,Cupseyy Twitch Clips · Streams Charts,,,cupsey,short_clip,candidate,False,,websearch:Cupseyy videos past broadcasts,medium,
candidate,cand_52c27610d6d83f21,https://x.com/ArtOverTrade/status/1863420122087440853,x,"Alex the Artist on X: ""Cupsey says his strategy wouldn’t work if he wasnt trading all day - @Cupseyy on @orangie Twitch Stream https://t.co/ZCTQNaU6z7"" / X",,,cupsey,short_clip,candidate,False,,websearch:Cupseyy stream,medium,
candidate,cand_b10f544a24677d5d,https://x.com/i/status/1948860111390474659,x,"threadguy on X: ""live with @Cupseyy and @FlippingProfits https://t.co/lcLhHOhmWF"" / X",,,cupsey,podcast,candidate,False,,websearch:Cupsey ThreadGuy TG Podcast FlippingProfits,medium,
candidate,cand_56e935579ed59112,https://www.youtube.com/watch?v=UHs0tP2z6Tc,youtube,"Millionaire Crypto Traders Explain BEST Strategies, Biggest Wins/Losses, and More",,,cupsey,podcast,candidate,False,,websearch:Cupsey ThreadGuy TG Podcast FlippingProfits,medium,
candidate,cand_04e202661153f573,https://www.youtube.com/watch?v=efq61vbmotM,youtube,"Cupsey & Jack Duval on Memecoins, Crypto's Future, and More",,2025-12-16,cupsey,podcast,candidate,False,,websearch:Cupsey youtube,medium,
candidate,cand_5aebb3464168600b,https://www.youtube.com/watch?v=JbWa-Jss-18,youtube,Cupsey Explains the SECRET to Trading Memecoins...,,,cupsey,interview,candidate,False,,websearch:Cupsey youtube,medium,
candidate,cand_494d830fab350b0f,https://www.youtube.com/watch?v=sU3PdK6RuiE,youtube,Cupsey Explains the Dark Truth of Trading Memecoins,,,cupsey,interview,candidate,False,,websearch:Cupsey youtube,medium,
candidate,cand_3edc986660bf31be,https://x.com/TheJaeVESper/status/2090168878433284265,x,"J’ae VESper 🩸 on X: ""Rasmr asks millionaire trader Cupsey why revenue is so stable in the trenches. Cupsey says the game will always exist, regardless of market conditions. “even if SOL was $30, it’d still be around.” he says it comes down to one thing: “tokenized attention has just like becom… / X",,,cupsey,short_clip,candidate,False,,"websearch:""Cupsey"" Rasmr Cented Orangie traders stream together trenches",medium,
candidate,cand_56a7ae4aa4185bec,https://kick.com/orangie/clips/clip_01JCGZ87AGP175DG6KWK7NXD92,kick,Orangie - Watch clips on Kick,,,cupsey,short_clip,candidate,False,,websearch:Cupsey kick stream,low,
candidate,cand_3bd5f56814378ca3,https://www.twitch.tv/cented/clip/PunchyEphemeralPepperoniResidentSleeper-T2K2Q4gndFM7Vveu,twitch,Cented prays for Cupsey - Twitch,,,cupsey,short_clip,candidate,False,,websearch:Cupsey twitch,low,
candidate,cand_b3d714062a96bcb3,https://www.tiktok.com/@only.memecoins/video/7621312080087485718,other,Cupsey face reveal 😳. #fyp #memecoins #trading #orangie #cupsey,,,cupsey,short_clip,candidate,False,,websearch:Cupsey face reveal stream first time,low,
candidate,cand_fb7cd0963f90246d,https://www.tiktok.com/@traders.toks/video/7495885651900976406,other,MEMECOIN MILLIONAIRE CUPSEY HIS OPINION ON TRADING MEMECOINS ON STREAM! #crypto #memecoin #orangie #cupsey,,,cupsey,short_clip,candidate,False,,websearch:Cupseyy twitch memecoin trading stream VOD,low,
candidate,cand_1d27675d97bac329,https://www.tiktok.com/@tradezilla39/video/7495463240303004950,other,CRYPTO MILLIONAIRE CUPSEY HIS THOUGHTS ON STREAMING TRADING #crypto #trading #orangie #cupsey,,,cupsey,short_clip,candidate,False,,websearch:Cupsey on Orangie stream twitch clip strategy trading all day,low,
candidate,cand_de1c2c8a708ec2db,https://www.tiktok.com/@thecryptofyp/video/7537815846748491030,other,Trading with Cupsey is a money glitch 😭😳 #fyp #crypto #memecoin #solana #memecoins,,,cupsey,short_clip,candidate,False,,websearch:Cupseyy twitch memecoin trading stream VOD,low,
candidate,cand_9802026df1bde193,https://www.tiktok.com/@orangieuncensored/video/7532951849226358029,other,Cupsey: The Young Entrepreneur in Crypto and Memecoins,,,cupsey,short_clip,candidate,False,,websearch:Cupsey interview podcast memecoins,low,
candidate,cand_9be4a3421c437beb,https://www.tiktok.com/@orangieclipss/video/7473938413725502762,other,Analyzing Cupsy's Successful Crypto Trading Strategy,,,cupsey,short_clip,candidate,False,,websearch:Cupsey on Orangie stream twitch clip strategy trading all day,low,
candidate,cand_883955eae361cb7c,https://www.tiktok.com/@clipsbykes/video/7668474819037367574,other,“Kimchi and Cupsey both started from Fortnite before they..” 🤯🫢 #fyp #trader #orangie #fazebanks #ansem,,,cupsey,short_clip,candidate,False,,websearch:Cupsey Fortnite player crypto trader background,low,
candidate,cand_3f8970d333f3c868,https://www.tiktok.com/@thecryptofyp/video/7669039128088005910,other,Why Many Successful Traders Played Fortnite — Cupsey ...,,,cupsey,short_clip,candidate,False,,websearch:Cupsey Fortnite player crypto trader background,low,
candidate,cand_7c0f903bde51d366,https://www.tiktok.com/@clipsbykes/video/7666969432706665760,other,"Imagine Kimchi, Cupsey and Cented in the same room together 🫢🤯#fyp #trader #orangie #cented #ansem",,,cupsey,short_clip,candidate,False,,"websearch:""Cupsey"" Rasmr Cented Orangie traders stream together trenches",low,
candidate,cand_6c9ceff4a857a020,https://www.youtube.com/watch?v=eOQobZXLCW8,youtube,How Cupsey Made MILLIONS Trading: His Secret Strategy Revealed!,,,cupsey,unknown,candidate,False,,websearch:Cupsey youtube,low,
candidate,cand_ee357e082153a27a,https://www.youtube.com/watch?v=Y58jA_95cuM,youtube,"He Made $30,000,000 Trading Memecoins - Cupsey's Strategy Revealed",,,cupsey,other,candidate,False,,websearch:Cupsey youtube,low,
candidate,cand_420d70b3b96b4736,https://www.youtube.com/watch?v=JiLKhYGqPk0,youtube,How Cupsey made Millions of dollars off Memecoins,,,cupsey,unknown,candidate,False,,websearch:Cupsey youtube,low,
candidate,cand_7ce4ed2acd450726,https://www.youtube.com/watch?v=inKT692IeTo,youtube,Fortnite Pro to $30 Million Crypto Millionaire - Cupsey's Story,,,cupsey,other,candidate,False,,websearch:Cupsey youtube,low,
candidate,cand_97bd4dd78d028426,https://www.youtube.com/watch?v=_H7nneqgzhY,youtube,From Fortnite Addict to $30M Crypto King,,,cupsey,unknown,candidate,False,,websearch:Cupsey youtube,low,
candidate,cand_741e8e46ddced333,https://www.youtube.com/watch?v=9RgEIAjpmB0,youtube,This 19 Year Old Made $30M off Memecoins,,,cupsey,unknown,candidate,False,,websearch:Cupsey youtube,low,
candidate,cand_09c72bbbcef4d390,https://www.youtube.com/watch?v=BhXXVadtJrs,youtube,Cómo Este Trader de Criptomonedas gana Más que Lamine Yamal 🤯(Con Solo 20 Años),,,cupsey,other,candidate,False,,websearch:Cupsey youtube,low,
candidate,cand_6c159cec5ac47417,https://www.youtube.com/watch?v=e-DkBNHFed4,youtube,"Orangie Talking How ""GOATED"" Trader Cupsey Is! #shorts #trading #memes #memecoin",,,cupsey,short_clip,candidate,False,,websearch:Cupsey live trading session memecoins youtube full stream,low,
candidate,cand_1361de6802ce363f,https://www.youtube.com/watch?v=VTPbeJgushY,youtube,"Finding Today’s Memecoin Runners LIVE [Entries, Filters, Traps]",,,cupsey,live_trading_session,candidate,False,,websearch:Cupsey live trading session memecoins youtube full stream,low,
candidate,cand_b3159704f8c44a1c,https://www.youtube.com/watch?v=-ILnWOT87hQ,youtube,"Qwerty: Best Trading Advice, Cupsey Effect, $PUMP Trade",,,cupsey,podcast,candidate,False,,websearch:Cupsey ThreadGuy TG Podcast FlippingProfits,low,
candidate,cand_ac5f7009a64fa2c0,https://x.com/Cupseyy/status/1920503642685051136,x,"Cupsey on X: ""https://t.co/ROxRkj8OU8"" / X",,,cupsey,unknown,candidate,False,,websearch:Cupseyy stream,low,
candidate,cand_b3c7883a188a272a,https://coconote.app/notes/f63fd4b3-c340-4c8e-bc02-072c694569b3,other,Cupsy's Trading Success,,,cupsey,other,candidate,False,,websearch:Cupsey Fortnite player crypto trader background,low,
candidate,cand_e6ae273e5609d4bb,https://www.twitch.tv/decu/videos,twitch,decu's Videos - Twitch,,,decu,live_trading_session,candidate,False,,websearch:Decu twitch memecoin stream,high,
candidate,cand_994dc96a4b24625e,https://twitchtracker.com/decu/streams/320246557018,twitch (TwitchTracker stats page for a broadcast),Trading memecoins on the Solana blockchain !axiom !discord (stream title per summary),,2026-07-08,decu,live_trading_session,candidate,False,,websearch:Decu twitch memecoin stream,high,
candidate,cand_dd66fe8feb4aea25,https://www.twitch.tv/decu,twitch,decu - Twitch / decu - Live on Twitch,,,decu,live_trading_session,candidate,False,,websearch:Decu twitch memecoin stream,high,
candidate,cand_cc4a3eba4fcf50f5,https://www.youtube.com/watch?v=4QNfRWqzuag,youtube,He Trades Memecoins Every Day And Always Wins (Decu),,,decu,unknown,candidate,False,,websearch:Decu memecoin trading twitter,medium,
candidate,cand_b3ad0429494ae205,https://x.com/0xEthan/status/2086453375848325371,x,Millionaire Memecoin Trader Decu Reveals The Most Money He Ever Made In One Trade,,2026-08-09,decu,short_clip,candidate,False,,websearch:Decu memecoin trading twitter,medium,
candidate,cand_c4338c88acb93f0f,https://x.com/notdecu/status/2049865699598672039,x,Wallet + tips-and-tricks thread by @notdecu,,,decu,other,candidate,False,,websearch:4vw54BmAogeRV3vPKWyFet5yf8DTLcREzdSzx4rw9Ud9,medium,
candidate,cand_65cfd3df25d9ca4a,https://x.com/notdecu/status/2027958091547914386,x,"+$201,000 in February ... 1 wallet warrior",,,decu,trade_recap,candidate,False,,websearch:notdecu,low,
candidate,cand_a9b6238b89b7f4b0,https://www.youtube.com/@DecuTV/videos,youtube,Decu (channel @DecuTV),,,decu,unknown,candidate,False,,websearch:notdecu twitch.tv/decu,low,
candidate,cand_3eddaf78ad7ad7f8,https://www.youtube.com/watch?v=DPgpjaRkZEY,youtube,"Turning 1 Solana into $20,000 Scalping Solana Meme coins",,,leck,recorded_trading_session,candidate,False,,"websearch:Leck ""Turning 1 Solana into $20,000"" scalping",high,
candidate,cand_d6e8f0f23a98d38d,https://www.youtube.com/watch?v=9nr1q6ezSiI,youtube,"1 Solana To $20,000, Website Down Below",,,leck,unknown,candidate,False,,"websearch:Leck ""Turning 1 Solana into $20,000"" scalping",medium,
candidate,cand_cf1298df98d93baa,https://m.youtube.com/shorts/jVe7p3pWHno,youtube,day 1 of turning 0.7 sol into 100 solana #Leck #memecoins ...,,,leck,short_clip,candidate,False,,"websearch:""Leck"" youtube ""Solana"" memecoin channel 1 SOL challenge",medium,
candidate,cand_e851af91a9228d51,https://www.youtube.com/watch?v=V6QLgJE_2nA,youtube,Exposing My SECRET Memecoin Trading Filters...,,,leck,tutorial,candidate,False,,"websearch:""Leck"" live memecoin trading stream youtube.com/@LeckSol live",medium,
candidate,cand_ebdcd128bc55bc68,https://www.youtube.com/watch?v=psjKCWknoCQ,youtube,(LIVE) Trading Memecoins & Answering Questions,,,setuh,live_trading_session,candidate,False,,websearch:setuh live trading memecoins,high,
candidate,cand_7538bae65a26d188,https://www.twitch.tv/setuhh,twitch,setuhh - Twitch (channel; VOD availability unknown),,,setuh,unknown,candidate,False,,websearch:setuh,high,
candidate,cand_b9d0ca886a7cf8af,https://www.youtube.com/watch?v=-o5Vw0U7V4w,youtube,Watch Me Make $10k Trading Memecoins (LIVE),,,setuh,live_trading_session,candidate,False,,websearch:setuh live trading memecoins,medium,
candidate,cand_12b909b5fba2eadb,https://www.youtube.com/watch?v=v9W9zKxgas0,youtube,"Watch Me Make $75,000 Trading Memecoins (LIVE)",,,setuh,live_trading_session,candidate,False,,websearch:setuh live trading memecoins,medium,
candidate,cand_977453eec212d012,https://www.youtube.com/watch?v=W_eiynbpr30,youtube,I Traded Memecoins With $50 LIVE - Here's What Happened,,,setuh,live_trading_session,candidate,False,,websearch:setuh live trading memecoins,medium,
candidate,cand_14b549754a364fb0,https://www.youtube.com/watch?v=kMJ5rkN2uT8,youtube,I Tried Live Trading Memecoins With Just $10 (0.1 SOL Challenge),,,setuh,live_trading_session,candidate,False,,"websearch:""I Tried Live Trading Memecoins With Just $10"" 0.1 SOL challenge",medium,
candidate,cand_be3839438792438f,https://www.youtube.com/watch?v=-GwaA1K11kA,youtube,I Tried Turning $50 Into $1000 Trading Memecoins (Realistic Results),,,setuh,recorded_trading_session,candidate,False,,"websearch:""@setuhh"" memecoins channel",medium,
candidate,cand_cf1ee4cf3a7652af,https://www.youtube.com/watch?v=P1WjCGzIE2A,youtube,"How I Turned $50 into $500,000 Trading Memecoins (Full Scalping Guide)",,,setuh,tutorial,candidate,False,,websearch:Setuh youtube trading,medium,
candidate,cand_41e71ee78673d774,https://www.youtube.com/watch?v=sd_X_hsJutM,youtube,The Memecoin Blueprint Day 2: Bundles,,,setuh,tutorial,candidate,False,,"websearch:""The Memecoin Blueprint"" setuh",medium,
candidate,cand_c35d79ab4f3193fe,https://www.youtube.com/watch?v=sj8ohBuJbxs,youtube,The Memecoin Blueprint Day 3: Scanning Narratives,,,setuh,tutorial,candidate,False,,"websearch:""The Memecoin Blueprint"" setuh",medium,
candidate,cand_1f38ddb460ae7747,https://www.youtube.com/watch?v=fnIb5k8PBuM,youtube,The Memecoin Blueprint Day 4: Scalping,,,setuh,tutorial,candidate,False,,"websearch:""The Memecoin Blueprint"" setuh",medium,
candidate,cand_434fe9fd808c03a8,https://www.youtube.com/watch?v=vYyOchs9P_g,youtube,"How To Turn $10 Into $100,000 Trading Memecoins (Full Course)",,,setuh,tutorial,candidate,False,,websearch:setuh twitch memecoins,low,
candidate,cand_f8f464065a68519c,https://www.youtube.com/watch?v=kOdCGWGO80E,youtube,The Memecoin Blueprint Day 1: Start With $0,,,setuh,tutorial,candidate,False,,"websearch:""The Memecoin Blueprint"" setuh",low,
